Data;Sorteio;Dezenas;Total_Numeros
04/02/2024;1o Sorteio;55 1 49 2 26 52 35 18 38 10 47 46 19 39 12 36 30 44 43 32 60 11 15 45 5 14 51 29 40 8 53 3 56 24 16 6 22;37
04/02/2024;2o Sorteio;36 14 24 25 29 49 46 40 20 23 58 9 32 50 27 4 54 11 1 31 56 44 26 53 13 17 52 30 7 45 5 55 38 22 21 42 8;37
04/02/2024;3o Sorteio;44 49 43 15 19 24 20 29 55 5 57 8 54 11 2 21 33 12 31 45 13 6 59 36 35 40 46 14 48 51 23 9 16 2 7;35
04/02/2024;4o Sorteio;53 40 41 42 12 59 21 25 6 10 1 26 51 9 24 14 13 17 28 44 54 31 55 60 52 45 18 8 11 57 43 37 38 56 50 22 58;37
18/08/2024;1o Sorteio;49 24 46 54 27 11 16 50 56 8 33 57 35 29 44 41 43 30 3 45 51 42 9 4 28 22 1 14 53 10 5 19 12 58 60;35
18/08/2024;2o Sorteio;56 20 1 12 17 11 23 6 57 2 37 30 38 41 34 27 28 24 45 53 47 55 36 13 3 60 35 32 33 18 54 49 22 14 40 4;36
18/08/2024;3o Sorteio;13 45 33 16 3 8 17 42 40 23 54 30 19 11 44 7 36 47 52 59 56 58 38 5 9 20 60 35 34 50 24 28 48 43 10 53;36
18/08/2024;4o Sorteio;35 41 43 48 26 58 59 56 47 53 30 39 8 15 11 28 34 10 21 36 18 14 42 49 16 20 22 50 52 13 38 23 40 51 57 37 25 12 7;39
15/09/2024;1o Sorteio;23 56 43 42 20 17 19 7 4 52 28 30 38 3 13 37 29 11 35 8 24 40 49 32 5 26 15 36 21 10 34 39 31 1 16 50 51 47;38
15/09/2024;2o Sorteio;24 36 54 22 39 3 27 42 43 59 57 15 12 41 40 53 45 19 5 37 11 46 50 4 47 49 58 17 31 20 33 56 13 2 48 6 21 29 52;39
15/09/2024;3o Sorteio;6 21 23 19 18 48 12 42 4 41 59 28 53 27 34 52 31 2 25 24 37 10 14 57 35 47 20 22 7 15 54 60 1 26 8 40 11;37
15/09/2024;4o Sorteio;22 30 42 26 4 34 6 45 46 57 44 59 49 21 5 13 41 9 56 12 31 47 52 58 7 38 23 48 8 10 27 25 32 1 24 19;36
01/09/2024;1o Sorteio;5 49 51 13 43 39 54 37 20 60 16 25 36 8 56 21 6 28 30 52 47 17 26 29 4 46 44 55 9 10 15 40 48 12 42 57 2 33;38
01/09/2024;2o Sorteio;53 16 38 54 17 1 39 55 37 14 22 18 8 60 6 7 9 2 29 28 20 13 41 44 11 58 35 3 31 27 10 4 50 47 59;35
01/09/2024;3o Sorteio;45 4 33 17 32 37 1 60 13 30 21 16 23 20 7 57 58 50 40 36 39 26 12 27 41 47 38 44 14 6 43 3 46 52 9 8 19 56;38
01/09/2024;4o Sorteio;57 12 50 34 44 8 30 25 47 59 1 58 48 39 16 27 37 38 20 53 45 51 23 54 42 2 6 43 4 3 52 21 36 13 5;35
22/09/2024;1o Sorteio;24 16 40 39 45 52 7 4 29 28 11 10 3 36 5 34 55 33 35 9 59 56 50 58 32 17 26 41 6 19 53 48 18 46 38 49 30 8 31;39
22/09/2024;2o Sorteio;19 4 37 34 36 43 40 53 27 1 10 48 45 20 25 5 6 60 41 15 26 30 44 50 56 28 46 21 29 18 3 11 16 14 12 35 38 49;38
22/09/2024;3o Sorteio;60 32 27 44 59 18 23 50 43 55 6 15 8 34 42 36 41 25 7 37 38 11 19 17 40 35 30 57 39 13 53 2 45 9 3 31 33 14 47;39
22/09/2024;4o Sorteio;2 12 3 21 36 46 42 18 22 9 41 39 20 45 5 38 35 24 1 44 56 25 29 58 11 51 26 54 30 4 52 48 19 43 15 60 23 40;38
24/11/2024;1o Sorteio;35 13 18 55 4 47 33 54 53 14 31 21 2 38 45 16 42 17 44 10 39 41 32 29 7 5 49 8 12 25 56 9 48 6 50 20 11 52;38
24/11/2024;2o Sorteio;8 18 56 42 49 60 40 50 17 38 16 39 27 36 5 51 48 37 24 28 52 34 4 44 59 32 30 20 25 23 31 57 46 33 19 43 3 26 12;39
24/11/2024;3o Sorteio;39 5 11 18 34 8 3 59 52 40 55 54 37 17 41 33 43 56 19 30 51 29 36 15 48 58 26 1 28 13 60 23 12 32 25 53 9 42;38
24/11/2024;4o Sorteio;21 37 11 15 8 40 47 44 32 22 59 49 53 45 20 50 60 43 48 41 35 17 12 51 7 34 31 28 36 18 4 57 46 42 54 14 16 26;38
18/05/2025;1o Sorteio;3 38 46 58 8 22 16 60 17 26 14 28 7 44 4 39 2 12 59 18 24 21 30 27 20 48 41 37 51 43 49 53 34 5 36;35
18/05/2025;2o Sorteio;30 58 56 22 9 10 5 17 19 18 32 49 11 39 16 44 38 25 43 47 28 46 55 20 42 2 24 51 57 37 27 59 33 14 31 50 36 34 52;39
18/05/2025;3o Sorteio;11 45 2 33 48 8 41 19 27 43 53 34 31 23 32 26 16 7 51 58 49 40 50 55 10 44 13 20 38 42 36 14 47 35 22 46 18 3;38
18/05/2025;4o Sorteio;1 25 59 9 3 34 4 55 27 48 39 20 47 53 19 45 51 30 10 29 2 16 22 41 8 31 24 44 38 28 13 57 26 43 6 12 60;37
11/08/2024;1o Sorteio;21 6 27 5 58 44 37 46 36 29 39 48 12 20 22 13 45 28 41 32 30 49 4 2 59 23 16 42 47 19 15 7 14 8 26 50 56;37
11/08/2024;2o Sorteio;43 10 5 29 9 36 12 4 39 1 23 47 52 28 32 16 49 57 13 31 14 7 53 27 17 8 21 37 41 15 34 2 6 55 19 25;36
11/08/2024;3o Sorteio;41 38 10 9 42 55 49 34 32 54 20 25 23 7 12 5 45 26 57 13 28 43 17 35 50 22 16 36 44 52 60 33 29 59 8 2;36
11/08/2024;4o Sorteio;47 5 49 55 35 40 58 31 6 17 51 14 57 16 2 32 1 38 27 56 30 9 21 42 4 26 11 46 37 43 54 33 19 29 39 36 18;37
19/02/2023;1o Sorteio;53 37 45 19 52 2 56 41 24 20 7 14 60 3 30 34 22 55 51 39 27 6 47 15 40 50 35 5 25 12 10 13 36 29 21 58 28;37
19/02/2023;2o Sorteio;21 30 56 47 51 18 49 28 11 29 15 7 42 4 26 60 40 54 22 13 36 19 23 59 9 32 34 52 27 45 3 2 43 38 24 12;36
19/02/2023;3o Sorteio;39 40 32 43 16 47 15 48 35 27 21 20 10 41 7 19 60 13 42 50 37 54 36 59 44 25 49 5 3 51 8 38 23 18 22 34 58 12;38
19/02/2023;4o Sorteio;56 3 26 54 34 28 49 18 41 36 40 24 7 20 35 23 44 46 55 59 25 48 13 39 37 42 11 15 17 33 45 12 50 4 14;35
12/02/2023;1o Sorteio;3 55 17 57 37 52 56 59 51 2 33 7 1 30 28 19 43 34 42 10 53 54 45 36 29 39 11 48 6 16 12 32 26 21 18 58;36
12/02/2023;2o Sorteio;30 57 36 12 54 20 38 60 21 13 27 8 45 3 48 49 58 35 9 56 25 55 41 46 29 52 26 44 14 42 50 37 1 6 19 22 28;37
12/02/2023;3o Sorteio;28 12 38 34 3 20 27 32 18 16 56 57 47 25 36 33 44 21 55 39 2 17 15 58 13 49 60 48 10 9 54 23 26 0 7;35
12/02/2023;4o Sorteio;17 28 22 34 2 29 56 10 4 52 24 55 60 57 33 45 18 31 11 37 25 5 35 14 49 12 38 40 21 15 27 54 43 59 32 39 23 48;38
05/02/2023;1o Sorteio;46 53 27 33 1 45 36 43 31 2 20 48 54 16 17 52 34 18 42 10 47 11 50 59 26 4 55 9 23 28 19 25 22 58 44 49 3 5;38
05/02/2023;2o Sorteio;18 23 28 54 48 15 32 17 55 21 40 20 46 50 6 51 60 27 59 52 12 10 24 13 19 38 42 26 43 16 41 9 36 3 2 49;36
05/02/2023;3o Sorteio;28 50 46 6 3 24 35 12 14 51 9 19 48 17 58 47 11 49 54 5 40 32 15 7 42 53 33 37 23 10 27 1 2 16 60 38 34 20 45;39
05/02/2023;4o Sorteio;49 29 52 46 19 28 60 12 2 24 43 41 25 31 8 7 40 10 27 3 57 48 21 44 51 39 32 58 30 55 6 36 17 59 18 22 50 42;38
09/03/2025;1o Sorteio;43 26 30 42 28 49 27 29 46 7 52 9 32 24 59 16 19 3 58 48 14 6 8 39 50 35 2 15 21 36 54 10 18 5 22 31 20 38 17;39
09/03/2025;2o Sorteio;39 45 44 23 2 52 49 58 28 42 37 5 1 40 6 31 26 30 56 3 32 35 54 22 14 12 29 47 10 24 21 48 11 60 8 18 41 34;38
09/03/2025;3o Sorteio;54 7 20 29 8 49 37 16 18 47 51 55 23 58 3 53 40 36 34 4 33 27 13 28 12 31 41 1 25 44 26 6 15 32 57;35
09/03/2025;4o Sorteio;55 24 23 20 19 54 17 18 7 60 52 11 14 48 22 9 16 53 12 13 36 34 35 6 30 43 1 51 27 45 2 3 58 46 41 15 21 8 26 59;40
08/12/2024;1o Sorteio;49 30 28 51 38 58 26 7 12 39 8 33 56 13 20 45 2 29 1 46 59 52 48 41 27 23 3 50 22 16 47 4 18 15 19;35
08/12/2024;2o Sorteio;49 52 38 26 1 5 16 2 57 32 27 15 7 34 17 58 59 33 43 53 11 37 48 50 47 45 6 39 60 54 35 19 29 41 25 44 36 12;38
08/12/2024;3o Sorteio;9 56 27 34 36 18 5 8 48 51 33 4 53 32 44 57 31 25 50 16 1 59 42 45 20 40 17 35 46 21 58 52 30 43 28 23 14 38;38
08/12/2024;4o Sorteio;24 22 21 14 33 34 18 16 17 52 54 47 35 1 48 32 25 6 23 39 3 53 30 55 5 31 40 8 46 45 19 4 7 43 20 28 41 51;38
06/10/2024;1o Sorteio;51 20 29 60 16 22 55 57 4 54 30 12 48 2 40 47 24 52 49 14 3 38 31 56 8 43 44 18 41 32 33 50 59 1 0;35
06/10/2024;2o Sorteio;52 19 21 53 42 15 11 30 13 43 41 35 32 60 59 37 50 39 5 36 18 57 38 8 27 26 46 29 9 28 44 58 6 25 1 20 51;37
06/10/2024;3o Sorteio;50 44 21 52 57 45 29 49 18 4 22 41 31 32 3 40 43 19 36 25 59 55 60 20 27 10 48 2 37 14 46 35 11 38 24 56 47 39;38
06/10/2024;4o Sorteio;32 42 17 18 21 30 57 59 53 7 45 6 26 16 27 52 31 41 9 14 56 2 12 51 50 10 54 44 4 48 37 24 19 39 3 36;36
11/02/2024;1o Sorteio;58 30 42 43 32 47 12 52 49 22 2 8 38 17 1 20 59 57 37 7 36 54 31 44 50 29 5 56 26 4 41 55 27 9 46 3 33 11;38
11/02/2024;2o Sorteio;41 8 23 19 34 24 33 30 10 39 17 9 38 3 60 36 28 32 40 21 14 20 6 29 2 27 25 1 49 58 56 59 11 31 12;35
11/02/2024;3o Sorteio;41 1 57 23 32 26 50 51 43 22 38 39 13 37 33 16 34 40 29 28 35 10 53 18 6 7 24 15 8 55 14 48 17 3 45 21 30 60 49;39
11/02/2024;4o Sorteio;18 1 28 46 54 14 3 41 31 43 42 40 22 4 8 56 51 7 49 17 50 16 26 36 60 32 53 55 19 47 15 35 38 13 20 37;36
18/02/2024;1o Sorteio;30 14 4 45 32 20 26 6 17 1 15 9 2 49 52 51 53 35 10 27 46 37 7 19 43 16 21 28 8 40 34 24 13 50 11 36 60 38 5;39
18/02/2024;2o Sorteio;9 43 23 14 44 10 12 30 6 58 57 51 26 34 53 41 40 2 13 16 19 28 33 20 31 27 36 21 48 37 38 45 59 50 17 42 4 49 52;39
18/02/2024;3o Sorteio;3 23 53 42 45 54 34 14 26 13 9 46 57 43 56 38 7 6 59 21 18 49 35 51 44 55 12 4 33 37 36 39 48 16 40 50 2 52 47 30;40
18/02/2024;4o Sorteio;11 14 8 49 42 38 10 46 4 1 22 41 35 6 37 21 16 30 20 40 28 7 32 24 43 34 51 31 5 15 23 2 48 26 25 29 58 27 53;39
09/07/2023;1o Sorteio;58 57 24 55 35 43 9 4 37 50 2 17 29 10 56 47 23 36 30 18 26 3 51 32 45 42 22 27 48 53 7 15 41 5 34 54 46;37
09/07/2023;2o Sorteio;16 27 15 4 33 54 30 36 37 18 11 50 1 7 2 9 8 42 56 47 28 29 10 13 26 40 5 48 25 21 24 49 6 12 38 58;36
09/07/2023;3o Sorteio;19 20 45 17 48 4 9 1 60 22 25 13 37 50 27 51 42 54 16 47 49 59 15 38 43 36 5 30 14 34 52 35 26 21 31 3;36
09/07/2023;4o Sorteio;16 56 18 40 4 19 37 43 48 5 35 23 33 17 15 46 27 26 60 39 50 57 2 11 10 31 28 8 30 45 42 29 59 36 34 53 6;37
28/07/2024;1o Sorteio;14 19 24 31 51 4 7 34 53 57 26 23 29 12 11 10 28 60 58 16 50 25 59 45 42 39 9 37 48 46 41 43 8 36 20 55 47 6;38
28/07/2024;2o Sorteio;5 53 44 4 33 23 50 47 20 46 21 18 2 24 54 17 49 25 34 59 15 8 22 30 51 10 55 36 7 16 3 57 27 56 32 40 52;37
28/07/2024;3o Sorteio;19 58 30 7 17 52 36 14 40 2 59 29 1 26 12 38 43 24 18 6 51 48 33 27 13 9 11 15 37 28 21 3 35 50 25 42 16 39 54;39
28/07/2024;4o Sorteio;14 5 4 11 2 53 55 1 39 9 50 42 36 15 10 47 7 31 8 52 22 3 30 48 45 20 57 34 33 49 29 16 37 43 54 60;36
12/03/2023;1o Sorteio;28 49 60 36 18 56 59 53 4 50 41 1 29 40 55 35 23 26 46 15 19 3 32 37 47 9 44 10 38 24 34 27 20 4 5;35
12/03/2023;2o Sorteio;58 19 26 7 42 40 21 16 48 34 6 53 52 14 36 31 44 17 15 23 41 54 22 8 60 10 32 2 27 59 43 11 55 5 18 9 45 37;38
12/03/2023;3o Sorteio;16 1 38 41 32 17 11 14 18 7 47 4 6 28 22 21 23 60 39 42 49 37 30 46 26 50 53 15 19 40 31 59 2 44 54 29;36
12/03/2023;4o Sorteio;2 60 8 1 4 5 14 57 31 7 36 11 26 3 58 34 19 16 53 21 13 56 32 40 24 9 18 48 38 42 59 35 25 54 43 49 46 17;38
19/03/2023;1o Sorteio;37 5 1 46 19 11 3 47 14 33 51 40 42 13 9 24 30 25 54 2 55 4 21 12 15 59 26 50 44 32 60 6 7 22 16 8 31 52;38
19/03/2023;2o Sorteio;13 53 11 16 45 50 31 60 47 24 51 38 55 35 56 41 19 48 2 33 26 1 32 44 27 30 3 18 17 7 20 58 40 9 46 43 14 4;38
19/03/2023;3o Sorteio;17 52 40 33 13 59 51 19 53 16 39 34 25 14 56 54 50 20 35 41 11 26 30 32 27 8 12 9 46 24 1 22 55 29 7 47 48;37
19/03/2023;4o Sorteio;43 1 44 57 28 46 59 10 18 6 36 33 27 42 13 34 3 48 29 8 51 52 12 25 55 50 21 4 32 56 15 58 39 2 22 14 20 60 31;39
26/03/2023;1o Sorteio;30 14 53 37 10 9 8 51 22 19 29 44 34 4 21 12 55 35 45 36 50 5 13 46 39 42 27 54 47 48 40 20 26 33 1 43 6 7 3 2 17;41
26/03/2023;2o Sorteio;42 4 24 19 36 17 7 53 27 29 10 48 32 31 16 45 22 5 3 2 9 33 44 55 20 14 54 25 37 28 58 15 6 46 18 43;36
26/03/2023;3o Sorteio;35 25 38 43 36 23 4 17 60 37 18 32 48 51 53 14 15 20 31 26 2 34 39 44 52 59 24 6 42 57 40 5 55 13 49 28 45 33;38
26/03/2023;4o Sorteio;9 52 3 6 49 55 29 40 12 46 48 34 31 56 28 26 58 36 60 24 37 18 47 44 11 5 42 51 30 50 2 17 7 22 38 19 14;37
08/01/2023;1o Sorteio;55 57 40 11 6 49 9 46 58 32 1 34 16 29 7 10 31 14 15 22 4 23 39 18 3 8 50 54 56 47 51 24 52 30 41 12 17;37
08/01/2023;2o Sorteio;52 5 59 1 51 41 12 33 6 31 48 2 32 3 16 29 50 49 54 53 30 4 25 7 13 39 45 28 19 26 9 22 42 60 11 21 40 24;38
08/01/2023;3o Sorteio;27 37 51 31 25 47 43 39 22 38 7 55 6 5 46 59 50 30 11 49 2 35 26 48 13 60 40 32 57 18 28 12 16 44 14 58 42 1 20;39
08/01/2023;4o Sorteio;11 32 4 60 42 6 40 12 14 10 52 48 49 18 50 38 24 58 43 35 53 19 39 36 31 28 33 46 27 8 51 25 3 44 20 13 5 29;38
05/03/2023;1o Sorteio;47 30 27 9 19 23 54 11 25 48 17 36 49 4 8 24 14 53 59 44 33 1 31 34 16 39 45 60 15 55 58 56 42 22 29 46;36
05/03/2023;2o Sorteio;13 17 18 6 2 12 31 51 59 56 38 26 52 7 34 48 19 3 29 53 23 9 24 4 37 21 27 33 46 39 25 54 22 44 47;35
05/03/2023;3o Sorteio;49 51 53 59 32 47 56 8 15 38 42 31 21 52 3 48 45 34 37 27 10 36 23 20 44 9 50 28 29 30 43 55 58 39 19 1 46;37
05/03/2023;4o Sorteio;54 45 9 43 55 19 30 38 51 48 35 2 32 41 14 57 31 56 60 58 22 49 17 6 47 28 46 39 29 40 27 24 37 12 23;35
07/04/2024;1o Sorteio;15 59 28 46 2 29 35 32 18 5 9 55 14 48 54 7 38 31 58 19 43 20 22 25 36 56 52 21 42 11 3 60 41 8 53 16 57 4;38
07/04/2024;2o Sorteio;5 15 60 22 58 30 23 50 21 59 1 28 27 7 49 26 11 25 54 18 55 17 6 14 3 9 37 32 44 29 38 12 4 57 13 19 31 56 33 16;40
07/04/2024;3o Sorteio;48 32 45 42 19 29 10 25 1 30 46 24 60 41 49 33 44 59 9 18 2 39 7 27 55 57 36 8 22 31 56 6 51 53 35 23 20 4;38
07/04/2024;4o Sorteio;18 2 19 45 1 46 51 56 13 55 8 9 57 47 10 3 21 4 16 7 42 15 34 49 31 36 17 50 26 59 43 27 58 5 53 12 30 11 25 38;40
31/03/2024;1o Sorteio;45 37 1 52 24 44 58 4 16 59 7 27 22 26 23 25 29 30 47 13 55 57 40 51 39 14 21 31 56 41 5 33 42 38 43 32 19 35;38
31/03/2024;2o Sorteio;10 12 37 58 44 24 15 48 38 20 7 9 8 54 21 51 55 6 35 46 57 3 47 59 13 18 60 49 34 4 40 25 28 42 33 17 50;37
31/03/2024;3o Sorteio;48 10 59 11 3 58 56 2 28 30 12 47 4 42 14 18 16 6 9 13 40 37 46 15 29 25 39 38 51 1 50 53 31 34 57 49 60 41 24 54 7;41
31/03/2024;4o Sorteio;51 18 15 44 6 2 43 8 21 4 52 14 37 46 23 11 39 42 19 29 50 20 10 55 56 32 25 16 53 22 58 12 49 40 45 31;36
09/04/2023;1o Sorteio;27 38 10 13 18 48 30 59 17 57 5 8 43 46 36 29 60 14 49 47 51 7 34 39 56 15 12 4 33 32 25 42 20 50 26 23;36
09/04/2023;2o Sorteio;7 15 13 56 14 5 40 18 25 2 36 50 49 9 3 41 30 28 31 4 11 26 47 17 55 12 48 23 37 21 33 44 38 27 22 10 51 60;38
09/04/2023;3o Sorteio;50 44 52 46 23 8 33 18 7 49 48 57 42 6 38 28 19 56 16 36 51 2 20 5 1 27 58 32 34 21 54 40 30 29 11 17 9 4;38
09/04/2023;4o Sorteio;40 1 43 12 52 34 60 29 33 36 9 57 13 37 10 42 59 7 51 35 50 32 24 8 49 39 5 16 25 27 45 6 28 47 31 26 58;37
12/01/2025;1o Sorteio;9 28 34 37 49 25 42 29 6 12 22 58 48 30 16 44 54 3 46 36 15 14 17 51 39 4 53 31 27 52 47 55 41 26 21 1;36
12/01/2025;2o Sorteio;48 12 35 54 33 50 34 29 43 5 53 31 45 42 55 26 24 38 14 30 3 41 52 23 37 60 44 19 51 7 47 16 21 36 32 39 9 4;38
12/01/2025;3o Sorteio;42 10 18 17 57 27 49 55 8 34 46 50 3 14 37 32 22 4 5 29 51 9 21 59 56 36 20 60 33 23 58 28 16 12 48 52;36
12/01/2025;4o Sorteio;7 32 1 15 49 59 53 29 54 28 45 16 31 46 19 14 40 34 9 8 5 25 38 41 42 24 43 12 22 39 44 10 33 37 11 58 3 27 47;39
22/12/2024;1o Sorteio;55 41 1 14 27 54 15 11 23 4 40 34 3 37 10 39 29 47 28 31 49 9 36 25 21 42 13 16 26 52 46 45 7 20 33 19 48 22 60;39
22/12/2024;2o Sorteio;9 12 30 58 20 17 42 49 5 32 29 47 23 11 45 44 4 40 18 25 31 19 33 51 41 7 56 37 28 43 57 3 27 53 34 48 54;37
22/12/2024;3o Sorteio;25 36 8 40 16 21 31 32 18 29 14 37 54 6 19 5 27 13 35 17 33 42 1 51 46 52 23 50 56 2 44 48 28 34 11 49 58;37
22/12/2024;4o Sorteio;16 38 13 48 10 8 2 34 6 60 5 40 32 39 18 19 7 29 30 23 58 43 45 33 56 26 11 51 36 15 20 59 46 42 52 3;36
22/06/2025;1o Sorteio;32 51 24 15 59 39 26 36 35 34 50 3 2 58 30 22 54 41 14 60 16 44 48 42 4 5 37 52 57 8 29 23 9 12 25 11 18;37
22/06/2025;2o Sorteio;2 19 45 9 54 7 12 8 35 44 56 17 36 28 57 58 49 25 55 43 48 32 5 34 41 18 14 4 10 42 51 52 39 37 60 33 38 53 26;39
22/06/2025;3o Sorteio;43 7 15 13 58 54 21 46 35 9 42 18 26 17 20 59 1 11 56 29 4 12 24 47 28 50 45 55 40 52 5 19 2 25 37 31 14 32;38
22/06/2025;4o Sorteio;25 7 19 55 4 52 8 47 36 51 59 26 31 16 49 40 42 13 54 29 58 22 33 28 44 11 41 5 6 32 12 35 3 30 53 2 39 9;38
25/08/2024;1o Sorteio;49 53 33 22 15 9 25 31 5 1 24 47 2 38 52 41 57 16 19 44 27 46 34 20 56 36 21 35 3 39 23 18 59 7 29 50 40;37
25/08/2024;2o Sorteio;40 26 33 54 2 60 35 46 45 25 24 19 29 6 4 18 37 31 44 53 28 12 20 52 43 10 59 39 17 1 21 36 22 32 3 14 51;37
25/08/2024;3o Sorteio;43 7 25 52 36 20 21 22 5 28 48 34 24 51 55 10 44 60 29 8 16 19 32 38 31 35 50 57 47 53 17 37 59 39 13 41 9 42;38
25/08/2024;4o Sorteio;49 53 14 31 51 35 39 16 46 26 18 1 7 20 2 56 12 59 17 19 50 6 57 60 33 15 25 22 34 5 52 38 58 24 4 47 29 9 40;39
26/01/2025;1o Sorteio;11 35 34 54 40 9 27 15 52 2 4 7 47 37 22 56 6 1 33 48 5 39 42 43 58 8 31 20 13 46 32 26 44 45 23 57 21 28 41;39
26/01/2025;2o Sorteio;38 53 52 25 19 6 15 27 8 56 39 36 44 47 20 9 2 13 40 57 3 1 10 29 30 31 60 43 11 23 45 17 37 32 54 41;36
26/01/2025;3o Sorteio;34 44 17 58 28 50 27 37 13 22 47 4 3 9 11 25 26 14 38 41 29 60 24 57 19 46 16 56 20 30 8 1 21 12 6 35 59 42 5 53;40
26/01/2025;4o Sorteio;45 41 6 19 48 59 28 18 11 54 43 4 56 52 1 33 46 16 25 21 5 39 30 55 17 10 37 32 36 8 44 3 34 35 7 57;36
27/07/2025;1o Sorteio;49 4 10 32 17 39 28 42 54 53 12 33 13 24 36 19 56 31 14 41 52 2 38 7 3 47 22 46 35 25 8 27 1 55 51 26;36
27/07/2025;2o Sorteio;3 58 27 24 56 41 9 54 21 52 57 44 4 26 37 1 48 53 49 32 2 33 39 50 11 36 40 47 46 31 10 7 5 15 42 35 29 8 23 17;40
27/07/2025;3o Sorteio;33 11 16 41 26 40 60 42 1 39 49 7 38 32 47 34 27 25 3 53 48 58 17 20 6 23 35 18 52 50 4 8 28 43 19 29 2 37 10;39
27/07/2025;4o Sorteio;52 24 59 47 42 29 12 38 26 8 19 27 31 43 10 44 48 45 36 18 35 49 56 16 34 15 11 39 21 4 2 37 20 9 5 7 32 55;38
30/03/2025;1o Sorteio;1 3 9 6 7 35 17 2 20 54 34 27 33 49 43 37 50 47 18 5 32 58 38 14 42 59 21 16 13 53 26 57 46 8 4 23 48;37
30/03/2025;2o Sorteio;13 8 16 11 50 37 58 17 56 10 52 29 15 34 44 3 49 26 5 19 60 2 55 36 42 27 12 33 45 32 41 43 6 22 21 24;36
30/03/2025;3o Sorteio;19 60 45 12 34 25 50 44 22 48 13 49 43 59 7 52 55 31 54 11 20 51 38 18 8 28 16 36 21 41 17 32 23 5 29 58 37 3;38
30/03/2025;4o Sorteio;33 8 6 16 55 24 37 10 39 13 17 1 30 54 27 21 45 9 53 26 46 59 29 20 47 23 32 25 22 31 60 3 7 3 5;35
13/07/2025;1o Sorteio;20 11 26 2 22 29 9 42 53 50 34 4 18 31 28 49 58 6 15 14 46 1 7 38 36 17 32 19 60 30 55 12 40 27 13 37;36
13/07/2025;2o Sorteio;50 30 47 31 23 36 14 46 53 57 8 37 5 24 19 7 33 3 9 26 27 43 12 51 6 13 18 41 11 48 45 39 40 2 4 28 25 32 59;39
13/07/2025;3o Sorteio;57 7 30 53 47 27 31 56 10 49 60 19 48 54 12 42 39 15 16 25 3 44 51 1 46 50 59 11 37 24 58 38 26 41 4 21 23 2 8 28;40
13/07/2025;4o Sorteio;57 3 45 41 11 48 21 46 18 35 42 6 58 15 24 40 59 27 36 52 39 7 2 30 43 22 28 5 9 23 10 17 14 32 56 19 38 44 20;39
08/06/2025;1o Sorteio;59 2 21 45 16 39 40 4 44 60 1 41 8 54 9 35 42 7 57 55 26 27 20 23 46 11 53 31 43 13 29 58 19 49 47;35
08/06/2025;2o Sorteio;54 60 6 57 24 8 56 32 31 30 35 48 34 23 37 45 44 29 18 15 49 7 52 13 1 51 50 12 10 40 27 42 9 14 55 22 39 19;38
08/06/2025;3o Sorteio;26 60 24 28 36 23 37 8 58 45 46 32 18 3 27 50 48 30 49 13 22 12 44 21 17 33 19 42 43 29 15 38 56 55 4;35
08/06/2025;4o Sorteio;21 44 17 19 3 16 8 33 30 48 12 24 60 35 28 41 38 52 45 1 23 53 31 46 56 42 22 5 54 13 58 2 43 37 29 7 4 32;38
16/02/2025;1o Sorteio;48 29 59 51 1 53 52 10 6 2 37 49 34 60 33 22 8 11 7 43 38 57 25 50 14 32 16 26 47 15 42 31 13 4 35 3 20;37
16/02/2025;2o Sorteio;19 35 7 22 13 34 2 48 32 33 11 37 53 1 44 52 31 29 47 28 36 10 12 60 27 8 16 18 58 30 56 38 45 43 21 15 14 5;38
16/02/2025;3o Sorteio;44 27 3 45 9 28 33 2 1 5 36 55 10 12 8 23 7 41 11 50 4 38 29 13 26 35 6 14 51 24 22 17 31 25 49 43 34 30 21 42 40 18 39 20 6 0;46
16/02/2025;4o Sorteio;19 54 21 8 16 30 27 20 55 7 26 39 44 46 32 59 45 41 48 18 51 49 29 6 52 5 25 28 40 2 37 1 23 50 22 14 24 42 43 57;40
25/05/2025;1o Sorteio;14 53 58 46 17 18 4 2 43 26 16 25 11 37 12 15 1 31 20 21 28 23 27 39 60 59 24 35 51 47 9 3 30 38 22 29 55 48 34;39
25/05/2025;2o Sorteio;14 57 49 16 10 55 31 50 46 53 25 52 13 44 36 8 30 29 24 54 12 56 33 19 47 7 43 18 17 59 4 32 26 11 3 45 35 38 40;39
25/05/2025;3o Sorteio;52 11 19 49 40 55 5 53 36 8 24 7 45 33 2 3 28 20 32 14 17 25 35 44 41 31 1 39 34 43 29 27 16 6 26 58 12 30;38
25/05/2025;4o Sorteio;27 15 49 22 25 4 33 53 6 11 7 48 20 54 10 52 23 38 50 26 18 34 17 21 51 56 24 37 16 3 36 60 47 13 35 28 12 55 31;39
30/04/2023;1o Sorteio;16 20 53 18 17 57 38 28 21 54 56 55 2 15 46 42 44 29 48 14 4 3 49 30 33 34 50 23 45 36 8 37 9 47 26 22 6 58;38
30/04/2023;2o Sorteio;6 59 27 54 56 44 32 51 9 12 19 46 21 31 28 33 42 4 22 25 30 36 53 55 18 57 29 40 50 5 17 35 7 58 14 52 38;37
30/04/2023;3o Sorteio;53 20 25 21 46 58 8 32 42 22 2 18 15 34 54 26 56 10 50 38 28 40 52 36 17 33 14 12 48 57 59 16 23 9 35 6;36
30/04/2023;4o Sorteio;20 48 15 8 39 13 58 56 60 14 16 28 38 19 40 25 52 44 55 36 57 34 45 30 1 37 5 18 32 42 6 33 53 47 27 2 3 46;38
16/04/2023;1o Sorteio;58 38 17 6 16 22 11 54 9 59 34 35 26 46 45 32 37 52 18 55 40 14 60 30 2 7 43 3 21 50 33 56 53 47 24 42 29;37
16/04/2023;2o Sorteio;10 24 14 29 27 39 59 40 47 41 57 33 21 60 5 17 13 37 22 38 36 26 19 32 56 54 6 44 48 49 20 35 23 11 51 42 31 9 53;39
16/04/2023;3o Sorteio;36 9 47 31 13 11 38 60 1 23 53 43 55 44 28 30 5 50 35 4 12 3 19 54 33 18 10 57 49 34 21 51;32
16/04/2023;4o Sorteio;34 4 58 44 27 55 46 26 9 18 25 41 42 53 10 52 23 14 15 33 39 37 20 31 21 60 47 7 16 49 57 2 36 40 5 56;36
01/12/2024;1o Sorteio;37 28 11 35 10 38 17 49 6 56 14 57 1 51 59 7 52 39 5 8 60 41 24 36 22 33 53 31 45 18 40 2 30 3 44 46 15 25;38
01/12/2024;2o Sorteio;11 20 48 15 10 42 35 51 7 17 19 56 9 5 8 30 26 29 2 41 14 4 32 21 55 39 57 31 25 40 46 22 45 36 13 27 28 52;38
01/12/2024;3o Sorteio;4 10 60 54 28 36 32 24 20 22 6 58 12 8 7 33 1 49 45 15 43 53 9 40 18 55 19 35 27 5 57 52 17 2 59 41 13 14;38
01/12/2024;4o Sorteio;5 32 47 57 6 30 4 27 21 39 14 19 36 31 3 49 53 35 16 38 10 50 22 54 9 42 26 34 7 59 37 56 13 15 45 43 23;37
14/07/2024;1o Sorteio;18 1 26 7 50 41 24 31 14 42 8 11 37 27 46 2 57 32 16 29 53 5 13 10 47 33 15 23 39 35 51 9 4 58 25 48;36
14/07/2024;2o Sorteio;58 38 29 46 10 36 53 23 26 1 45 52 60 8 57 34 55 11 50 20 56 18 27 37 47 12 15 32 6 3 35 16 25 41 59 49 28 39;38
14/07/2024;3o Sorteio;5 52 4 39 55 14 16 26 9 20 35 34 49 27 59 40 41 13 32 23 15 58 12 46 24 33 53 2 31 36 44 19 18 8 51 45 57;37
14/07/2024;4o Sorteio;43 15 45 20 16 28 56 37 23 3 57 19 38 46 58 30 40 41 6 8 49 17 5 31 33 47 24 21 59 2 12 55 60 3 5;35
29/12/2024;1o Sorteio;7 25 44 19 38 29 2 43 11 15 23 54 32 13 41 28 40 18 10 1 8 53 17 45 51 49 4 55 21 27 16 46 9 34 33 30;36
29/12/2024;2o Sorteio;21 35 32 20 44 8 55 1 14 10 42 47 22 4 16 11 18 38 48 50 23 5 41 45 19 15 37 17 59 60 7 34 51 13 30 53 28;37
29/12/2024;3o Sorteio;4 17 43 34 3 51 8 41 25 39 13 26 53 1 57 29 6 46 55 37 38 49 44 59 60 15 18 32 52 54 31 30 9 19 58 11 14;37
29/12/2024;4o Sorteio;20 56 50 32 3 57 26 13 31 53 22 30 11 17 10 12 48 52 8 15 16 14 40 55 7 9 24 35 41 25 43 51 58 21 33 2 60 23;38
15/12/2024;1o Sorteio;44 7 57 17 9 56 30 58 12 14 47 20 54 55 1 2 50 22 11 3 38 46 6 19 13 60 33 49 40 51 31 48 5 15 18 29 23 34;38
15/12/2024;2o Sorteio;60 46 16 38 18 22 57 26 17 44 31 58 52 11 10 34 54 25 41 12 6 4 33 19 35 24 2 3 59 36 43 50 7 40 1 30;36
15/12/2024;3o Sorteio;3 40 27 43 54 13 55 26 21 37 56 24 45 30 4 41 49 33 29 10 60 25 18 58 57 50 32 15 44 52 5 34 48 2 31;35
15/12/2024;4o Sorteio;16 30 34 29 23 7 35 15 60 25 32 48 1 33 2 6 52 19 12 50 36 58 18 22 51 27 55 14 28 17 47 53 4 44 5 42 41 24;38
20/04/2025;1o Sorteio;35 33 24 10 19 53 20 56 23 40 39 49 21 8 50 27 38 60 43 18 7 55 47 46 36 42 44 31 16 29 32 26 52 13 15 25 5 28 6;39
20/04/2025;2o Sorteio;51 39 7 24 59 28 23 11 49 45 10 37 20 26 9 42 47 25 57 29 56 60 54 5 14 44 4 2 50 34 43 27 31 15 19 30 18 40;38
20/04/2025;3o Sorteio;5 35 56 59 15 51 25 19 31 18 55 34 33 44 16 38 58 29 8 43 2 32 17 26 53 21 40 1 48 27 60 39 9 14 3 52 41 24;38
20/04/2025;4o Sorteio;37 44 23 12 6 4 3 52 5 26 47 7 1 17 11 22 15 45 31 48 16 34 57 9 32 20 25 49 30 27 41 8 13 38 28 42 53 10 24 39 50;41
03/11/2024;1o Sorteio;37 22 18 40 31 13 7 25 38 57 32 60 16 5 4 45 51 10 17 59 15 6 24 53 33 2 39 55 47 29 36 19 46 8 42 28;36
03/11/2024;2o Sorteio;58 53 57 54 15 51 52 13 24 34 50 33 11 8 21 39 59 60 41 19 47 35 7 43 18 40 27 28 26 14 38 16 46 30 56 44 29 42 22 5;40
03/11/2024;3o Sorteio;60 55 59 30 22 46 52 13 53 7 57 38 8 19 12 29 23 20 5 34 4 10 56 18 44 48 45 58 32 31 24 15 51 27 9 2 40 47;38
03/11/2024;4o Sorteio;55 6 45 36 34 27 30 42 19 39 7 8 22 48 52 15 18 14 33 12 47 29 32 21 58 28 51 9 17 38 60 49 4 13 57 3 35;37
21/07/2024;1o Sorteio;47 36 5 31 49 6 51 14 58 9 18 32 11 33 3 17 7 19 29 8 35 27 39 22 40 45 46 25 24 23 21 53 42 13 4 34 30 48 20;39
21/07/2024;2o Sorteio;37 10 41 52 45 35 11 24 19 15 58 9 53 13 56 25 7 55 1 29 17 21 27 3 60 47 48 44 38 26 32 5 42 39 36;35
21/07/2024;3o Sorteio;6 56 40 30 28 47 43 42 48 2 60 10 4 49 11 44 26 55 41 7 1 20 23 24 53 31 18 12 22 8 14 19 27 36 57 16 37 32;38
21/07/2024;4o Sorteio;12 22 5 17 15 33 31 27 24 11 2 54 26 39 45 8 18 32 14 23 3 48 42 50 47 52 38 25 36 37 29 7 30 46 41 55 13 21;38
01/10/2023;1o Sorteio;50 51 9 17 24 8 36 38 45 12 46 26 18 21 47 14 60 23 35 41 56 1 27 32 37 40 4 44 25 19 52 55 58 48 16 39 22 3;38
01/10/2023;2o Sorteio;35 33 27 8 20 21 36 58 47 30 12 18 52 49 29 44 41 54 34 15 4 22 56 24 31 32 6 14 38 17 25 1 39 46 40 45 23 50 60;39
01/10/2023;3o Sorteio;4 18 57 10 2 46 39 51 45 56 12 5 6 24 33 48 55 53 29 3 41 22 52 36 19 25 27 43 7 20 23 26 32 1 40 31 49 9;38
01/10/2023;4o Sorteio;41 9 37 15 18 40 58 54 5 42 35 14 23 27 50 20 45 24 19 17 31 53 21 22 1 28 43 59 16 10 13 12 39 11 29 46 2 38;38
10/09/2023;1o Sorteio;31 28 27 12 39 47 24 54 52 37 42 33 25 7 2 1 6 23 32 30 19 60 11 8 13 29 17 40 51 21 59 53 56 34 18 26 10 50 43;39
10/09/2023;2o Sorteio;24 22 2 55 16 54 56 50 7 33 1 39 41 30 52 43 11 18 28 45 23 20 60 4 35 14 19 32 5 26 58 38 57 42 47 21;36
10/09/2023;3o Sorteio;14 41 44 13 35 3 42 17 52 58 59 10 60 24 1 2 46 51 29 11 15 27 40 16 19 33 50 53 8 56 21 30 12 54 38 23;36
10/09/2023;4o Sorteio;2 52 45 55 44 26 20 34 25 43 11 54 36 48 31 42 29 1 22 27 23 3 6 12 35 39 51 41 8 30 13 9 16 15 60 24;36
02/07/2023;1o Sorteio;18 52 46 39 13 57 22 50 17 1 4 37 14 26 49 24 2 15 16 33 29 19 36 55 54 44 60 8 51 7 9 12 43 21 11 32 41;37
02/07/2023;2o Sorteio;38 27 41 13 3 51 6 8 25 54 18 33 50 39 30 56 58 40 37 31 32 53 34 57 1 52 24 59 19 11 46 26 42 2 20 12;36
02/07/2023;3o Sorteio;40 3 20 48 13 45 33 2 58 34 22 21 43 1 29 11 41 30 6 16 35 26 37 31 28 56 8 9 7 18 57 10 39 46 49 5 36 53;38
02/07/2023;4o Sorteio;14 20 55 41 29 60 52 21 56 40 27 8 17 46 6 48 32 47 1 16 4 36 38 58 50 49 39 30 2 7 28 13 54 10 53 12 59 15 35 26;40
21/05/2023;1o Sorteio;56 45 15 57 21 50 26 46 25 55 32 37 51 59 52 4 13 23 29 20 58 35 40 41 36 11 48 54 18 14 31 28 47 19 33 5 43 3 7;39
21/05/2023;2o Sorteio;25 33 22 59 4 13 34 24 2 17 3 30 54 14 39 46 57 35 23 12 55 9 26 56 37 11 38 48 49 27 40 51 28 10 45 36;36
21/05/2023;3o Sorteio;28 6 41 54 4 30 49 9 47 3 7 52 55 22 57 13 59 34 53 44 38 17 60 20 15 46 50 36 24 37 45 21 32 4 2;35
21/05/2023;4o Sorteio;46 21 13 1 54 30 11 18 55 2 29 32 49 39 51 15 9 35 40 53 19 41 17 5 38 43 48 45 3 23 7 58 36 31 20 52 12 47 26;39
23/07/2023;1o Sorteio;41 8 60 58 26 36 22 3 27 54 45 1 2 15 13 24 46 12 29 35 55 19 32 30 4 5 33 31 9 53 25 17 14 47 50 18 43 11 23;39
23/07/2023;2o Sorteio;53 24 22 28 19 11 17 23 33 21 54 51 31 10 6 30 3 52 45 59 41 18 20 56 37 36 58 2 43 4 48 38 49 9 29 16 46 12;38
23/07/2023;3o Sorteio;40 1 36 56 14 15 3 31 7 6 5 32 29 50 39 41 58 59 51 22 13 48 33 10 38 52 46 34 60 20 18 27 42 2 4;35
23/07/2023;4o Sorteio;16 40 45 32 4 34 20 59 24 36 2 56 42 22 52 50 12 55 7 44 53 58 8 43 49 60 51 54 19 27 1 48 46 28 39 35 23 10;38
28/05/2023;1o Sorteio;51 42 23 32 7 60 24 19 45 1 52 59 35 46 29 12 8 39 53 27 36 15 5 13 56 25 37 38 50 30 14 28 55 6 26 2 49;37
28/05/2023;2o Sorteio;47 21 5 41 32 35 55 44 39 20 22 26 17 30 1 58 13 11 4 51 28 37 3 46 23 25 27 49 12 33 38 15 29 9 42 34 60;37
28/05/2023;3o Sorteio;60 35 25 53 10 46 7 27 16 19 34 54 11 31 42 39 30 44 49 15 41 32 23 8 22 47 38 12 3 14 28 17 52 4 55 51 36;37
28/05/2023;4o Sorteio;11 59 50 60 32 12 36 37 20 15 17 31 7 9 57 5 51 18 33 23 10 45 44 3 40 38 29 21 14 34 48 4 16 28 13 55 1 22;38
13/10/2024;1o Sorteio;16 49 23 35 5 17 43 9 59 3 11 21 1 26 38 48 45 36 41 31 19 37 14 47 30 44 34 33 25 22 20 40 46 57 28 12 54 24;38
13/10/2024;2o Sorteio;49 18 52 3 23 2 32 39 30 27 28 43 19 26 57 22 1 34 48 9 29 46 20 5 17 13 25 6 8 11 58 45 53 4 16 56 15 47 41;39
13/10/2024;3o Sorteio;30 1 20 49 17 28 42 16 44 41 23 50 26 6 39 7 13 14 9 36 37 34 18 3 46 43 10 32 4 33 5 59 22 25 53 29 55;37
13/10/2024;4o Sorteio;43 59 35 22 27 20 49 36 55 52 33 7 14 45 54 8 23 56 29 46 60 17 38 58 30 6 44 47 50 39 21 25 51 9 42 16 57 18 1;39
15/06/2025;1o Sorteio;27 25 46 32 59 42 26 7 17 22 11 60 51 20 1 24 36 4 29 35 57 30 41 54 2 58 37 14 38 18 34 5 16 19 40 49 53;37
15/06/2025;2o Sorteio;47 39 51 34 37 56 21 55 9 60 48 23 12 32 41 27 30 1 59 6 2 20 8 25 45 33 4 40 38 44 16 43 15 14 35 57 50 52 3;39
15/06/2025;3o Sorteio;53 50 28 52 44 31 26 24 30 42 15 17 19 39 59 33 13 54 21 35 38 2 40 51 56 12 37 10 46 58 8 49 4 25 32 9 23;37
15/06/2025;4o Sorteio;57 4 1 11 16 54 55 5 29 30 25 41 58 6 21 8 17 59 51 9 40 20 43 53 32 31 23 56 27 33 50 46 3 36 12 38;36
19/01/2025;1o Sorteio;7 8 16 40 1 22 38 28 26 48 13 30 17 49 25 12 36 5 47 58 3 42 43 20 18 57 59 24 27 29 55 45 19 56 21 41 6 50 33;39
19/01/2025;2o Sorteio;44 27 43 25 16 1 56 9 3 42 35 47 39 58 49 53 34 48 13 59 23 26 51 28 36 22 10 8 11 5 4 52 46 45 60 15 40;37
19/01/2025;3o Sorteio;16 56 47 5 27 26 57 32 53 34 2 25 13 4 60 6 30 31 49 33 17 59 3 15 35 28 37 8 55 46 52 29 23 19 24 54 7 44;38
19/01/2025;4o Sorteio;18 5 7 30 16 17 24 29 44 13 37 1 58 38 20 57 6 22 47 35 19 39 15 21 11 2 43 10 40 42 4 3 46 51 32 12 49 59;38
31/08/2025;1o Sorteio;9 54 34 31 20 32 46 22 48 47 55 8 28 27 56 16 3 36 51 15 37 12 6 24 58 38 30 33 19 49 11 2 52 40 23;35
31/08/2025;2o Sorteio;14 31 46 1 4 24 34 7 42 40 9 48 52 30 10 11 53 33 27 43 21 6 57 19 39 59 23 25 3 60 45 32 2 36 8 56 41 16;38
31/08/2025;3o Sorteio;58 26 59 18 13 15 27 31 29 24 53 34 25 48 51 43 38 17 11 42 2 6 23 33 32 21 44 28 37 36 50 3 45 10 49 57 7 35 5;39
31/08/2025;4o Sorteio;2 10 33 19 57 40 8 21 45 52 4 29 35 58 49 41 25 32 42 15 16 7 13 12 1 37 39 53 46 6 31 28 50 30 22 48;36
04/08/2024;1o Sorteio;45 32 13 5 59 47 17 8 15 43 44 12 38 18 3 58 48 22 51 20 60 57 24 27 2 1 36 50 29 37 21 52 54 56 6;35
04/08/2024;2o Sorteio;18 53 9 22 20 43 19 44 14 33 13 56 47 5 37 48 3 58 57 38 6 8 46 30 4 59 1 45 52 35 41 10 28 6 0;35
04/08/2024;3o Sorteio;26 6 20 29 39 16 4 8 60 42 48 28 31 14 56 33 2 25 19 47 21 55 57 30 12 44 50 58 3 5 18 52 45 35 41 1 23;37
04/08/2024;4o Sorteio;12 38 16 50 57 28 47 37 5 48 2 36 54 35 25 14 60 3 42 44 10 59 31 26 22 30 51 40 6 4 9 55 43 53 8 21;36
27/08/2023;1o Sorteio;43 14 34 31 60 7 56 8 53 11 17 48 13 58 25 6 5 55 24 9 2 49 37 57 41 33 50 51 54 35 32 44 27 10 3 26 20;37
27/08/2023;2o Sorteio;1 50 27 39 48 3 44 33 46 9 15 60 47 45 31 19 36 5 25 34 42 49 8 52 43 17 11 2 32 51 4 7 41 6 30 16 24 40 35 37;40
27/08/2023;3o Sorteio;12 57 29 45 13 55 56 50 7 28 8 32 6 39 46 48 40 4 11 27 20 31 34 49 37 58 60 35 2 14 16 25 41 24 44;35
27/08/2023;4o Sorteio;47 48 42 40 59 60 46 14 53 10 50 7 30 20 43 18 24 33 1 2 16 22 5 32 31 17 23 51 52 27 4 37 41 6 3 56;36
22/01/2023;1o Sorteio;17 11 57 4 21 35 3 24 36 50 51 58 26 40 41 48 44 10 45 9 49 56 52 31 2 29 30 59 20 5 43 27 54 33 42 46 60;37
22/01/2023;2o Sorteio;34 11 2 4 8 33 16 58 7 42 13 49 38 17 6 26 32 3 24 28 47 59 60 46 44 50 5 57 1 25 53 23 40 39 45 30 56;37
22/01/2023;3o Sorteio;34 19 49 60 2 14 33 31 57 28 43 4 35 11 45 5 44 52 12 10 51 17 15 30 58 3 59 21 27 24 50 36 23 20 29 6 9;37
22/01/2023;4o Sorteio;12 28 18 47 4 15 25 57 30 59 16 29 5 11 21 42 54 24 41 27 56 55 1 37 51 53 48 40 14 32 46 2 33 44 50 22 35;37
07/01/2024;1o Sorteio;49 44 46 2 38 36 17 59 52 24 37 54 27 5 34 56 10 19 8 40 28 6 15 31 30 9 48 4 18 55 32 29 45 7 60 41 35;37
07/01/2024;2o Sorteio;25 50 28 47 33 53 42 36 38 20 56 57 31 17 5 14 27 51 60 18 7 55 9 59 48 49 11 13 52 40 26 2 10 32 37 43 16 41;38
07/01/2024;3o Sorteio;13 7 23 34 55 49 48 25 10 43 1 22 36 46 39 6 8 21 50 53 52 26 33 5 17 30 11 31 15 47 19 44 40 24 9 57;36
07/01/2024;4o Sorteio;52 2 9 7 25 20 12 14 42 30 45 3 55 56 29 38 32 22 33 19 21 31 17 27 28 15 50 41 11 54 60 26 57 40 5 36 24;37
20/08/2023;1o Sorteio;33 14 12 30 41 22 11 10 46 6 38 42 47 9 49 18 51 7 48 16 3 4 50 21 54 56 8 39 28 44 52 55 25 24 59 2 13 5 29;39
20/08/2023;2o Sorteio;27 2 30 39 22 51 12 20 44 38 11 48 45 28 41 47 50 10 21 49 29 36 37 9 3 16 8 42 55 7 6 56 33 53 1 40 23;37
20/08/2023;3o Sorteio;51 48 49 44 32 5 24 31 17 59 58 15 10 22 8 20 12 29 26 54 50 27 18 40 43 14 45 9 52 38 37 35 57 36 13 28 39;37
20/08/2023;4o Sorteio;28 38 47 60 24 34 55 17 12 7 23 35 6 41 58 2 50 49 10 14 9 51 26 16 3 46 25 44 54 27 20 4 40 33 48 31 59;37
10/12/2023;1o Sorteio;12 45 19 16 18 28 27 21 30 9 36 37 3 5 46 58 13 29 56 49 8 50 23 17 60 52 2 15 7 43 26 11 1 47 6 25 34 38;38
10/12/2023;2o Sorteio;29 23 14 41 44 30 13 33 58 20 50 26 49 25 8 17 54 57 11 32 2 52 43 12 47 40 19 48 6 55 4 1 39 18 15 35;36
10/12/2023;3o Sorteio;37 34 30 50 35 15 45 11 6 18 19 2 51 22 33 14 36 9 23 8 56 44 57 29 26 5 1 17 46 16 21 39 25 41 24 31 12 49;38
10/12/2023;4o Sorteio;47 42 51 20 7 24 35 38 22 40 60 53 27 41 3 58 49 16 37 25 34 39 29 17 56 33 4 12 52 45 31 15 8 55 5 13 54;37
14/01/2024;1o Sorteio;11 51 9 42 8 12 26 31 19 48 17 47 13 2 35 23 5 25 32 7 46 24 1 56 43 20 22 33 3 28 15 36 38 18 34 6 37 27 52;39
14/01/2024;2o Sorteio;17 44 41 52 39 1 60 35 23 2 12 50 21 8 33 4 28 57 43 5 59 10 36 40 47 58 38 26 7 30 53 18 49 32 9 56;36
14/01/2024;3o Sorteio;34 24 21 13 4 49 30 41 53 2 14 20 5 3 28 12 6 48 7 47 33 23 42 31 27 19 50 52 32 51 55 44 18 29 15 56 9 60;38
14/01/2024;4o Sorteio;11 59 50 22 4 46 26 23 21 8 14 19 25 12 20 54 29 41 34 33 35 28 45 47 40 15 49 36 24 9 51 60 37 16 48 1 31 39;38
17/12/2023;1o Sorteio;26 53 43 45 7 1 57 18 36 60 44 2 31 11 23 19 13 6 35 10 25 34 58 30 14 32 42 27 55 47 59 28 4 29 46 41 39;37
17/12/2023;2o Sorteio;14 26 55 57 47 25 39 2 34 41 7 59 46 28 19 29 11 12 42 17 10 44 36 31 37 60 5 35 40 45 51 22 56 30 43 33 53;37
17/12/2023;3o Sorteio;20 32 15 57 7 3 48 13 36 10 1 21 42 60 26 34 56 27 33 38 12 44 55 52 58 40 14 17 25 53 41 46 28 11 5 50 49;37
17/12/2023;4o Sorteio;41 25 6 11 30 2 18 39 34 29 36 5 12 53 49 21 8 46 27 24 13 43 22 59 48 40 55 19 26 3 23 56 38 14 4 9 7 15 20 33;40
26/11/2023;1o Sorteio;38 8 60 35 43 56 49 24 21 52 40 14 29 57 34 22 30 59 2 48 20 9 15 45 17 5 46 33 6 51 27 47 44 42 41 32 7;37
26/11/2023;2o Sorteio;55 58 3 46 19 39 52 30 28 59 18 9 27 5 51 7 15 37 25 20 41 8 16 12 2 32 57 40 14 23 43 44 47 4 49 29 10 24 6 17;40
26/11/2023;3o Sorteio;20 47 24 14 7 29 50 37 5 19 1 33 10 32 59 38 13 57 53 40 49 31 12 28 8 4 2 56 44 26 41 15 55 6 43 11 30;37
26/11/2023;4o Sorteio;56 20 17 53 19 51 55 57 54 12 39 34 6 15 46 26 33 35 49 3 2 52 13 18 9 47 1 7 5 27 58 44 24 25 30 37;36
03/12/2023;1o Sorteio;32 37 21 14 34 30 12 50 49 39 33 57 24 56 23 42 46 43 45 19 36 58 60 16 51 18 10 17 4 13 27 15 29 38 2 41;36
03/12/2023;2o Sorteio;18 57 52 5 8 39 51 27 11 36 6 12 49 34 25 2 37 42 13 14 48 46 44 15 55 40 31 24 54 30 41 7 16 59 21 33;36
03/12/2023;3o Sorteio;38 4 16 10 36 21 32 60 23 18 49 24 51 31 12 33 8 34 19 45 40 46 58 5 44 47 22 3 56 26 43 35 29 6 57 28;36
03/12/2023;4o Sorteio;20 23 25 15 12 40 13 17 7 59 5 9 38 60 55 33 28 44 52 34 36 46 30 54 21 4 10 58 2 50 45 29 14 49 39 19 47;37
10/11/2024;1o Sorteio;54 36 38 1 30 41 45 16 2 17 56 13 49 15 32 39 9 21 48 10 18 42 50 3 29 24 28 23 34 59 55 12 11 53 46 47 26;37
10/11/2024;2o Sorteio;8 47 38 6 32 17 50 44 10 19 55 58 57 7 26 1 51 41 28 25 33 56 45 3 21 42 49 43 20 37 35 24 15 11 23 40;36
10/11/2024;3o Sorteio;6 53 60 19 14 3 48 30 59 35 55 44 46 42 25 32 7 45 23 28 13 9 33 10 24 4 57 50 12 51 1 31 52 40 58 54 18 15;38
10/11/2024;4o Sorteio;1 4 39 45 43 48 16 14 21 33 24 57 30 22 8 26 34 53 42 47 52 23 3 13 40 46 55 25 37 36 28 49 58 20 12 29 6;37
20/10/2024;1o Sorteio;52 4 54 1 32 53 38 39 16 21 48 5 12 31 22 37 10 15 56 41 47 34 19 40 3 35 18 36 9 29 60 57 42 23 24;35
20/10/2024;2o Sorteio;11 19 5 25 17 36 27 57 30 20 9 1 3 14 32 51 41 6 53 4 40 31 47 49 24 45 15 46 39 50 13 60 43 29 55 44;36
20/10/2024;3o Sorteio;9 49 44 30 42 3 41 57 12 39 34 31 2 10 16 18 14 28 40 23 13 27 50 6 43 35 21 38 19 17 47 1 56 58 15 53 29 4;38
20/10/2024;4o Sorteio;31 11 60 47 54 37 32 25 46 58 55 50 16 9 45 53 13 27 17 29 56 35 41 36 15 6 10 34 3 33 30 12 42 23 22;35
05/05/2024;1o Sorteio;53 38 31 35 55 27 59 50 7 23 17 48 2 30 14 58 34 42 28 51 19 20 29 1 5 8 46 41 60 54 47 32 44 56 9 40;36
05/05/2024;2o Sorteio;16 45 55 54 49 42 3 57 37 50 4 18 2 38 43 26 8 58 30 46 14 22 60 12 6 40 19 53 33 59 44 32 48 34 11 28;36
05/05/2024;3o Sorteio;17 43 53 44 9 54 7 45 27 22 28 14 21 2 19 50 33 26 52 25 15 51 49 34 60 59 20 24 48 5 40 10 32 42 3 11;36
05/05/2024;4o Sorteio;59 27 48 58 51 7 21 54 16 35 52 20 42 53 14 45 34 39 11 4 24 1 55 30 37 12 15 32 46 8 29 13 38 50 22 47 49;37
17/08/2025;1o Sorteio;25 8 40 33 7 26 1 17 39 10 59 15 56 47 50 55 6 24 28 5 11 18 43 45 37 42 58 60 3 49 35 30 41 54 52 38 22;37
17/08/2025;2o Sorteio;17 4 49 24 30 32 57 36 40 34 19 16 21 54 37 60 45 47 20 59 29 2 31 12 51 27 35 39 9 43 18 50 25 8 15 44 56 26 53;39
17/08/2025;3o Sorteio;24 52 50 43 27 35 1 59 15 13 5 40 38 32 21 10 8 6 19 30 44 25 55 7 14 9 20 31 49 58 60 45 18 42 57 56 33 4;38
17/08/2025;4o Sorteio;51 6 1 2 44 37 60 42 33 38 13 34 26 25 11 5 48 39 19 41 56 12 20 55 57 54 21 4 24 22 23 17 29 53 10 47;36
24/08/2025;1o Sorteio;22 36 11 15 4 51 16 30 57 42 44 45 55 14 20 32 25 12 39 31 24 29 6 1 52 58 54 5 23 28 7 43 56 26 2 19 10;37
24/08/2025;2o Sorteio;48 34 18 33 22 12 2 47 31 57 11 39 5 3 10 32 13 26 20 29 38 30 44 42 43 8 53 21 27 23 14 54 52 35 46;35
24/08/2025;3o Sorteio;2 36 26 20 27 48 13 16 45 8 17 37 40 22 18 53 14 21 30 28 24 60 23 5 33 4 15 44 11 6 43 42 59 58 9 29 41 10 32 57;40
24/08/2025;4o Sorteio;12 53 45 30 23 50 27 5 47 39 11 16 26 28 17 3 13 44 10 38 43 14 1 32 42 6 60 24 48 55 4 25 15 54 46 19 31 7 9 49;40
30/07/2023;1o Sorteio;57 32 5 34 1 17 42 52 29 10 22 53 45 44 16 55 28 30 60 35 50 23 24 19 31 6 11 12 43 8 4 37 25 3 54 56 27 20;38
30/07/2023;2o Sorteio;24 58 5 6 45 11 19 26 13 3 60 34 9 12 55 41 22 47 27 23 17 14 2 51 46 53 16 56 21 49 54 30 43 15 25 1 57 44 32 42;40
30/07/2023;3o Sorteio;24 23 14 47 17 2 32 16 20 55 43 15 58 38 13 50 51 60 18 7 35 49 19 36 30 28 27 10 33 25 26 31 11 57 8 45 52 44 46 9;40
30/07/2023;4o Sorteio;41 49 55 20 19 5 50 35 27 33 15 6 59 51 24 8 32 47 3 37 21 9 30 58 52 11 23 1 16 28 22 2 44 42 10 57 53;37
14/05/2023;1o Sorteio;58 29 35 13 56 26 49 15 42 31 36 45 8 52 54 34 6 19 32 33 11 1 16 50 30 39 44 4 7 21 12 57 47 14 23 20;36
14/05/2023;2o Sorteio;42 57 11 24 21 44 28 10 1 54 38 36 22 18 56 40 33 16 15 45 19 6 46 32 34 37 58 48 43 30 49 5 3 23 41 29 27;37
14/05/2023;3o Sorteio;34 33 52 60 53 46 42 18 36 58 8 12 9 21 56 16 44 35 55 39 43 15 57 6 45 26 24 30 28 49 11 25 50 10 13 48 27;37
14/05/2023;4o Sorteio;51 42 30 18 4 5 12 11 2 38 28 23 59 25 45 32 1 33 40 58 8 57 56 26 60 14 24 21 29 44 35 46 10 31 7 34 49 19;38
10/08/2025;1o Sorteio;31 19 25 26 59 58 33 14 34 11 60 36 30 1 8 39 22 41 5 9 24 40 50 46 18 13 10 32 48 21 43 28 54 52 6;35
10/08/2025;2o Sorteio;44 27 19 43 17 52 15 16 6 38 41 35 50 48 13 29 58 59 31 40 34 10 60 45 3 8 25 53 54 18 51 47 55 7 11;35
10/08/2025;3o Sorteio;2 11 38 53 42 51 45 28 6 46 60 4 58 35 9 19 33 49 21 24 16 32 57 25 18 14 39 41 23 40 44 48 30 36 10 50;36
10/08/2025;4o Sorteio;51 1 2 45 25 46 52 29 37 58 55 3 39 50 4 44 32 47 26 49 41 59 12 19 13 11 36 15 21 35 22 7 48 30 14 56 31 53;38
11/06/2023;1o Sorteio;23 2 45 37 50 35 14 24 26 21 57 32 51 31 38 9 3 11 36 49 27 47 6 42 13 28 18 17 8 58 46 5 43 52 12 15 25;37
11/06/2023;2o Sorteio;6 11 25 16 28 21 53 12 57 33 10 27 26 2 54 18 23 5 19 24 29 49 41 8 20 4 1 37 55 14 17 46 38 42 51 35 47 45;38
11/06/2023;3o Sorteio;16 15 41 14 25 55 37 6 35 57 12 5 31 59 49 8 45 2 46 58 42 54 13 36 19 47 10 1 50 17 24 23 9 26 32 52 4;37
11/06/2023;4o Sorteio;59 14 26 1 23 9 57 7 8 39 21 33 34 15 58 40 46 50 35 52 36 24 3 53 2 54 20 18 55 32 16 47 37 60 43;35
02/03/2025;1o Sorteio;29 35 23 21 58 9 52 3 16 55 27 47 19 4 40 33 5 46 6 24 13 20 12 57 49 53 1 39 36 15 25 37 54 26 43 41;36
02/03/2025;2o Sorteio;55 23 47 14 17 18 1 19 12 24 9 4 31 53 32 48 43 58 56 7 44 60 39 36 15 16 42 5 54 3 50 34 38 22 49 45 59 11 21;39
02/03/2025;3o Sorteio;3 22 14 9 55 17 35 50 4 25 32 39 28 49 46 31 23 24 58 56 40 30 47 8 21 59 11 41 51 2 60 16 20 37 13 44 12 18;38
02/03/2025;4o Sorteio;17 53 57 21 32 24 31 39 42 26 25 2 50 9 47 14 46 3 1 7 6 13 29 48 44 60 15 27 37 34 41 33 4 28 49 22 40 18 56;39
23/03/2025;1o Sorteio;8 32 54 2 30 11 22 29 25 35 42 17 45 57 20 7 14 52 31 56 10 47 23 18 59 4 49 41 38 6 58 36 48 44 60 39 19;37
23/03/2025;2o Sorteio;17 32 46 28 5 4 54 45 29 7 36 47 38 30 15 41 9 2 23 34 44 3 37 14 31 53 57 10 39 40 8 33 51 55 18 60 22 24 1 59;40
23/03/2025;3o Sorteio;32 34 39 55 45 5 21 4 10 23 2 15 38 37 42 1 17 53 41 11 30 33 40 57 25 19 35 14 3 36 48 31 27 58 43 60 46 7 12;39
23/03/2025;4o Sorteio;9 5 58 25 4 11 34 26 27 15 8 37 54 28 32 36 49 2 44 14 12 30 55 47 60 18 59 57 19 3 45 20 22 29 35 50 7 10;38
07/05/2023;1o Sorteio;41 55 16 11 34 12 57 22 42 25 23 21 1 28 35 58 46 14 49 45 43 29 31 5 59 15 54 50 47 17 33 51 32 26 8 2;36
07/05/2023;2o Sorteio;21 20 40 34 17 37 36 42 47 41 19 39 28 44 43 23 46 24 38 1 55 4 54 57 10 15 33 3 6 30 5 52 50 59 53 31 29 2;38
07/05/2023;3o Sorteio;19 3 16 51 52 46 27 57 2 43 6 17 14 53 22 49 33 36 35 24 58 42 12 9 1 21 13 38 32 60 39 56 54 23 15 47 28;37
07/05/2023;4o Sorteio;58 27 10 40 29 4 47 35 19 14 60 30 31 1 43 16 17 5 26 33 15 52 12 54 37 18 11 38 28 56 2 20 55 48 3;35
17/09/2023;1o Sorteio;26 58 60 41 14 27 7 9 36 37 48 45 39 30 8 57 3 33 54 17 5 6 13 22 53 56 34 59 31 16 49 19 51 12 52 18 43;37
17/09/2023;2o Sorteio;58 54 33 34 9 38 5 15 12 13 19 20 2 16 29 1 46 41 37 22 53 27 44 32 4 49 26 14 45 51 39 6 57 59 42;35
17/09/2023;3o Sorteio;59 6 39 54 10 50 30 37 47 27 28 17 35 1 33 49 55 19 29 53 51 12 25 56 14 44 2 21 22 36 43 24 18 57 20 16 26 60 4;39
17/09/2023;4o Sorteio;9 53 1 4 6 25 56 19 48 2 44 24 20 21 10 52 15 45 51 36 57 12 27 5 17 31 47 32 7 8 33 60 59 23 42 11;36
24/09/2023;1o Sorteio;20 18 36 51 49 52 32 59 56 14 3 19 5 8 58 17 1 15 10 43 47 57 2 28 7 37 26 4 45 12 41 21 6 46 34 9;36
24/09/2023;2o Sorteio;27 16 20 51 32 56 22 50 38 9 14 3 15 57 35 25 37 7 5 53 48 55 11 23 33 41 43 44 31 60 36 59 2 54 8 4 26;37
24/09/2023;3o Sorteio;56 4 52 36 47 48 1 55 19 5 16 40 44 18 38 23 24 33 6 41 20 31 53 10 46 49 37 34 51 15 17 27 32 58 8 54 7;37
24/09/2023;4o Sorteio;11 42 36 49 24 20 57 29 18 35 4 28 56 46 1 32 27 60 21 22 3 34 55 52 59 37 23 41 14 7 45 6 58 39 51;35
19/05/2024;1o Sorteio;2 37 1 44 4 50 43 45 25 46 30 20 59 60 24 12 18 58 6 52 27 9 35 28 13 29 39 40 57 22 36 53 56 21 38 11;36
19/05/2024;2o Sorteio;36 39 34 29 44 5 48 11 55 24 20 28 43 12 22 3 40 47 50 9 45 18 42 19 32 4 15 21 56 23 52 33 60 35 14 53 16 25;38
19/05/2024;3o Sorteio;42 50 5 15 52 13 23 34 44 54 48 53 19 11 3 31 45 9 49 40 8 37 59 2 12 7 30 14 55 46 6 58 26 16 27 35 24 32;38
19/05/2024;4o Sorteio;3 33 21 51 9 45 44 28 53 60 42 13 48 15 26 31 19 10 27 58 4 11 29 16 25 12 54 14 35 5 55 52 38 2 0;35
30/06/2024;1o Sorteio;11 20 38 13 1 9 24 37 44 22 42 43 60 51 30 5 34 16 29 18 4 49 12 54 2 10 35 28 52 39 8 26 47 50 6 55 21 17 33;39
30/06/2024;2o Sorteio;11 21 3 39 36 30 19 9 47 51 53 32 46 10 54 26 40 15 23 5 43 31 27 44 25 37 34 56 24 59 58 12 6 55 18;35
30/06/2024;3o Sorteio;50 8 47 30 2 18 23 22 19 6 44 56 55 25 29 38 32 15 12 5 14 39 11 60 58 31 4 28 35 43 33 16 59 2 0;35
30/06/2024;4o Sorteio;29 8 35 41 55 11 30 32 40 9 1 20 2 38 21 15 52 25 24 4 23 48 6 39 47 44 16 26 42 27 34 49 56 60 33 5;36
15/10/2023;1o Sorteio;45 26 49 8 25 12 54 39 43 9 52 47 16 20 21 36 31 6 56 33 44 51 32 28 35 4 60 40 48 15 37 46 30 22 24 29 18 59 10;39
15/10/2023;2o Sorteio;22 20 50 53 59 26 37 28 19 32 48 5 60 4 54 13 24 31 38 25 43 56 36 1 35 21 12 40 6 46 29 18 45 44 49 41 52 34 3;39
15/10/2023;3o Sorteio;8 20 23 22 45 27 43 33 25 12 36 50 37 46 52 6 31 38 54 2 60 49 41 11 39 44 9 56 35 28 13 26 29 14 10 59 1 19;38
15/10/2023;4o Sorteio;51 48 39 15 55 38 37 23 5 28 41 24 40 3 29 31 22 53 11 9 43 54 25 47 56 12 19 27 32 44 35 2 8 7 1 59 6 10 58 36;40
03/09/2023;1o Sorteio;16 19 27 55 25 57 20 53 5 23 9 47 45 43 26 58 22 41 37 38 10 14 46 60 54 24 42 51 39 29 40 36 33 4 13 31;36
03/09/2023;2o Sorteio;8 31 47 19 22 51 25 53 20 40 3 29 50 37 59 32 58 6 21 26 27 30 24 15 56 55 60 39 16 17 7 13 12 52 48 1 28 2;38
03/09/2023;3o Sorteio;9 1 26 52 55 53 36 33 24 11 14 46 49 42 19 5 10 44 15 6 56 38 12 28 29 20 37 3 51 43 7 8 41 4 21 50 57 40 22;39
03/09/2023;4o Sorteio;22 15 10 11 57 42 8 9 6 46 47 25 45 30 12 38 37 7 60 43 56 18 59 40 19 35 29 55 52 20 32 36 39 16 48;35
29/10/2023;1o Sorteio;56 39 42 25 49 41 4 34 18 60 28 20 43 15 27 19 55 45 35 14 10 52 31 13 9 1 2 54 17 26 21 48 3 53 37 5;36
29/10/2023;2o Sorteio;57 14 44 17 21 25 41 50 5 1 36 27 34 20 35 60 37 2 6 11 28 12 8 7 10 18 40 29 38 58 43 13 24 3 4 26 47 55 19 9;40
29/10/2023;3o Sorteio;54 15 35 60 22 36 14 12 56 2 58 23 13 38 16 6 52 44 26 19 3 37 46 51 25 47 24 20 55 41 49 53 10 32 57 21 9 40;38
29/10/2023;4o Sorteio;8 29 21 17 42 1 35 24 44 6 30 55 59 10 40 31 47 56 32 51 3 19 13 27 52 2 38 4 15 48 28 7 5 49 50 26 39 54;38
28/04/2024;1o Sorteio;5 49 15 6 53 41 28 2 26 23 30 46 31 24 43 59 32 47 7 55 27 1 40 38 20 39 52 21 42 33 36 54 45 44 18 48 58 57 25;39
28/04/2024;2o Sorteio;29 41 9 33 47 48 38 49 31 2 26 46 11 53 24 6 51 19 4 43 39 20 27 5 3 32 56 15 23 58 14 25 59 13 36 45 18;37
28/04/2024;3o Sorteio;39 40 15 8 29 24 53 23 59 38 14 41 1 3 60 11 25 22 57 56 21 44 19 37 12 34 28 33 16 18 32 27 52 10 42 48;36
28/04/2024;4o Sorteio;12 13 21 2 4 43 54 41 11 42 25 44 32 19 35 37 10 53 55 46 33 17 29 1 9 39 40 28 20 52 59 16 5 27 60 23 51 56;38
12/05/2024;1o Sorteio;43 18 26 16 5 51 6 59 13 15 32 52 55 36 60 20 53 42 10 3 9 17 2 57 30 11 28 39 54 37 48 29 35 44 50 14 25 4;38
12/05/2024;2o Sorteio;19 11 13 3 30 5 58 49 48 33 54 34 12 37 16 32 55 57 42 25 2 50 26 22 10 39 45 46 36 7 56 14 29 40 31 23 27 17;38
12/05/2024;3o Sorteio;35 16 34 36 21 55 23 60 28 25 54 43 9 51 48 56 3 38 6 8 26 58 46 47 18 52 59 39 15 31 44 33 29 20 12 1 32;37
12/05/2024;4o Sorteio;14 28 4 38 41 52 34 8 51 57 11 60 12 33 29 58 26 50 40 7 9 15 2 32 56 37 23 22 18 16 31 19 10 4 3;35
24/03/2024;1o Sorteio;46 3 44 43 50 4 57 26 55 22 8 27 59 2 42 56 31 29 1 19 14 52 20 12 16 28 6 47 15 30 7 60 53 11 10 21 13 48 18 34 33;41
24/03/2024;2o Sorteio;18 45 9 54 15 7 29 56 38 35 59 27 14 39 5 1 17 60 26 30 47 22 24 46 13 10 42 55 36 21 37 49 48 12 57 40 41 28;38
24/03/2024;3o Sorteio;54 25 24 48 4 14 23 21 32 38 50 8 13 40 19 41 20 27 22 58 43 47 49 51 6 18 55 5 57 15 10 35 42 59 53 30 46 12 2;39
24/03/2024;4o Sorteio;25 19 56 32 26 38 55 17 34 36 10 42 54 8 1 2 16 29 27 30 59 53 23 35 6 57 47 60 4 9 40 20 3 22 18 45 41 15;38
06/04/2025;1o Sorteio;16 2 48 39 5 43 35 53 58 23 51 9 40 14 10 32 33 22 18 36 54 21 26 31 55 29 34 27 24 52 37 57 50 59 12 30 7;37
06/04/2025;2o Sorteio;12 27 46 13 43 18 8 44 55 39 23 2 50 57 32 10 14 45 34 17 36 48 49 51 53 52 3 5 42 1 38 35 11 40 20 30 56;37
06/04/2025;3o Sorteio;52 10 27 8 7 43 49 14 44 12 4 29 3 9 58 35 47 23 46 17 22 26 53 54 59 30 20 42 45 60 37 55 57 36 6 32 2 34 31;39
06/04/2025;4o Sorteio;5 45 51 44 9 14 27 40 29 46 7 4 24 57 58 52 35 11 38 56 49 26 23 22 3 33 21 34 36 6 48 47 53 54 18 15;36
19/11/2023;1o Sorteio;41 58 7 28 5 51 37 23 4 45 29 47 10 33 18 1 46 17 2 39 43 19 32 27 15 50 22 25 48 13 38 44 36 21 60 54 11;37
19/11/2023;2o Sorteio;14 30 45 50 8 15 19 47 38 58 29 35 54 32 23 44 37 59 39 25 4 17 5 2 41 49 3 26 24 28 52 7 33 16 9;35
19/11/2023;3o Sorteio;18 21 28 3 12 29 53 36 47 16 15 51 27 22 10 50 8 38 24 9 56 1 32 5 11 44 52 34 42 13 45 23 35 20 39 58 49 55;38
19/11/2023;4o Sorteio;54 17 57 36 60 15 50 9 51 31 41 6 33 10 20 1 32 59 48 34 12 16 27 46 53 18 30 29 47 8 22 35 37 13 38;35
18/06/2023;1o Sorteio;45 58 55 50 19 37 23 5 21 10 7 4 43 8 12 33 14 53 24 3 44 51 25 41 29 35 9 26 34 17 36 1 20 60 38 47 18 49;38
18/06/2023;2o Sorteio;7 59 14 4 46 43 44 31 21 18 41 25 19 58 56 45 26 17 33 11 12 53 38 37 52 6 51 47 22 8 24 13 48 36 27 10;36
18/06/2023;3o Sorteio;57 19 26 16 4 50 59 58 53 35 13 40 46 28 7 37 14 5 23 8 20 22 51 42 39 31 32 44 48 18 36 25 34 55 45 9 12;37
18/06/2023;4o Sorteio;50 3 12 42 26 31 14 18 1 47 60 49 19 21 20 30 24 16 35 52 6 54 57 5 4 56 38 58 44 59 55 10 32 28 15 29 23 13 43;39
02/02/2025;1o Sorteio;27 16 3 44 15 24 18 55 26 36 4 46 45 53 51 14 48 59 47 13 42 50 10 8 33 57 25 56 35 58 52 17 5 43 34 22 21;37
02/02/2025;2o Sorteio;6 19 26 10 12 39 29 33 41 2 44 51 23 58 50 34 25 4 36 52 8 40 9 28 47 24 21 5 43 38 13 17 20 35 32 56;36
02/02/2025;3o Sorteio;14 50 15 49 21 51 18 34 58 10 27 20 29 6 45 3 12 35 25 13 30 26 59 52 31 41 44 48 56 37 4 24 38 54 43 39 8;37
02/02/2025;4o Sorteio;59 2 51 45 55 44 15 20 48 29 54 30 43 14 17 27 50 22 26 31 60 11 56 6 36 38 42 40 32 23 58 53 10 8 49;35
04/05/2025;1o Sorteio;26 13 24 48 35 46 31 29 28 57 58 44 55 25 32 9 10 5 53 60 16 8 36 11 33 2 4 22 34 47 18 40 43 37 12 21 38 3;38
04/05/2025;2o Sorteio;42 21 23 47 9 22 43 33 48 40 41 49 28 14 56 38 58 29 35 6 24 45 10 57 11 7 1 8 25 37 20 53 26 54 13 31 36 27;38
04/05/2025;3o Sorteio;30 45 2 20 40 60 16 48 55 58 52 7 38 54 27 46 51 47 4 56 44 42 41 37 10 39 24 33 11 23 15 22 18 29 17 9;36
04/05/2025;4o Sorteio;49 56 31 5 9 57 46 11 18 8 40 6 3 29 24 55 21 23 16 10 1 12 48 51 14 25 47 44 22 28 26 41 4 19 7 36 2 15 39 52 37;41
