23ID_Cartela;Dezenas;Pure_Score;Weighted_Score;Decisao;Hora
415.461;['03', '04', '06', '100', '12', '17', '18', '22', '25', '28', '31', '32', '36', '42', '43', '46', '49', '52', '56', '59'];0.0;0.0;Rejeitado_IA;00:22:58
357.662;['06', '07', '08', '11', '15', '16', '17', '21', '23', '28', '32', '35', '38', '42', '43', '49', '51', '53', '56', '59'];0.0;0.0;Rejeitado_IA;00:23:23
357.662;['06', '07', '08', '11', '15', '16', '17', '21', '23', '28', '32', '35', '38', '42', '43', '49', '51', '53', '56', '59'];0.0;0.0;Rejeitado_IA;00:23:53
357.662;['06', '07', '08', '11', '15', '16', '17', '21', '23', '28', '32', '35', '38', '42', '43', '49', '51', '53', '56', '59'];0.0;0.0;Rejeitado_IA;00:24:37
348.645;['02', '06', '08', '09', '11', '19', '20', '22', '26', '29', '31', '37', '39', '44', '45', '47', '49', '52', '54', '55'];0.0;0.0;Rejeitado_IA;00:25:01
449.333;['02', '05', '07', '08', '10', '16', '17', '19', '26', '27', '35', '37', '41', '43', '45', '51', '54', '57', '59', '60'];0.0;0.0;Rejeitado_IA;00:32:44
344.047;['05', '08', '09', '130', '15', '18', '22', '24', '26', '27', '35', '37', '39', '40', '44', '52', '53', '55', '56', '59'];0.0;0.0;Rejeitado_IA;00:33:01
346.894;['02', '03', '05', '09', '11', '22', '23', '26', '28', '30', '34', '36', '37', '39', '45', '47', '49', '51', '53', '55'];8.34;6.98;Rejeitado_IA;01:12:55
346.894;['02', '03', '05', '09', '11', '22', '23', '26', '28', '30', '34', '36', '37', '39', '45', '47', '49', '51', '53', '55'];8.23;6.93;Rejeitado_IA;01:13:28
346.894;['02', '03', '05', '09', '11', '22', '23', '26', '28', '30', '34', '36', '37', '39', '45', '47', '49', '51', '53', '55'];8.33;6.83;Rejeitado_IA;01:14:00
347.477;['01', '03', '06', '09', '12', '19', '20', '21', '26', '28', '33', '35', '40', '43', '45', '50', '52', '56', '59', '60'];8.23;9.47;Rejeitado_IA;01:14:33
368.975;['01', '05', '08', '14', '15', '16', '20', '21', '24', '26', '31', '38', '39', '42', '43', '46', '48', '54', '56', '60'];8.18;7.72;Rejeitado_IA;01:17:09
442.094;['01', '05', '09', '12', '13', '19', '23', '27', '28', '29', '36', '40', '42', '43', '44', '46', '50', '51', '55', '58'];8.39;8.08;Rejeitado_IA;01:17:58
384.434;['05', '08', '10', '12', '13', '16', '20', '22', '25', '28', '32', '34', '37', '38', '44', '47', '49', '53', '55', '58'];8.24;8.81;Rejeitado_IA;01:18:31
407.873;['02', '08', '09', '10', '14', '17', '21', '22', '24', '29', '33', '36', '39', '42', '43', '47', '49', '54', '56', '59'];8.34;8.01;Rejeitado_IA;01:19:03
375.753;['01', '08', '12', '14', '15', '17', '23', '24', '25', '30', '32', '36', '40', '42', '43', '47', '48', '51', '52', '60'];8.3;7.86;Rejeitado_IA;01:19:36
432.519;['05', '07', '13', '14', '15', '17', '21', '22', '24', '25', '35', '38', '39', '40', '44', '48', '50', '56', '58', '60'];8.18;8.68;Rejeitado_IA;01:20:08
360.188;['03', '06', '08', '12', '13', '19', '20', '21', '26', '30', '31', '33', '35', '43', '45', '49', '52', '56', '58', '59'];8.32;10.03;Rejeitado_IA;01:20:41
398.611;['01', '05', '07', '09', '15', '19', '20', '21', '27', '30', '31', '33', '36', '38', '39', '48', '52', '55', '57', '60'];8.34;7.52;Rejeitado_IA;01:21:20
374.609;['01', '02', '04', '06', '09', '16', '17', '20', '21', '24', '38', '39', '41', '43', '44', '49', '52', '56', '58', '60'];8.24;7.69;Rejeitado_IA;01:21:53
417.301;['06', '07', '09', '10', '13', '16', '18', '20', '22', '30', '31', '33', '36', '43', '45', '53', '54', '55', '57', '60'];8.31;9.74;Rejeitado_IA;01:22:25
429.898;['01', '03', '04', '05', '13', '19', '23', '25', '28', '29', '32', '36', '38', '41', '42', '47', '50', '51', '58', '59'];8.31;8.93;Rejeitado_IA;01:23:14
427.819;['05', '09', '12', '13', '15', '20', '22', '25', '28', '30', '34', '36', '37', '41', '45', '49', '52', '54', '57', '60'];8.22;8.44;Rejeitado_IA;01:23:56
360.188;['03', '06', '08', '12', '13', '19', '20', '21', '26', '30', '31', '33', '35', '43', '45', '49', '52', '56', '58', '59'];8.25;10.04;Rejeitado_IA;01:24:29
432.519;['05', '07', '13', '14', '15', '17', '21', '22', '24', '25', '35', '38', '39', '40', '44', '48', '50', '56', '58', '60'];8.31;8.59;Rejeitado_IA;01:25:02
374.609;['01', '02', '04', '06', '09', '16', '17', '20', '21', '24', '38', '39', '41', '43', '44', '49', '52', '56', '58', '60'];8.33;7.67;Rejeitado_IA;01:25:34
429.898;['01', '03', '04', '05', '13', '19', '23', '25', '28', '29', '32', '36', '38', '41', '42', '47', '50', '51', '58', '59'];8.19;8.77;Rejeitado_IA;01:26:07
346.894;['02', '03', '05', '09', '11', '22', '23', '26', '28', '30', '34', '36', '37', '39', '45', '47', '49', '51', '53', '55'];8.34;6.99;Rejeitado_IA;01:26:40
439.128;['01', '05', '06', '08', '10', '17', '18', '20', '22', '24', '33', '37', '38', '39', '45', '47', '51', '52', '59', '60'];8.31;8.24;Rejeitado_IA;01:27:12
395.686;['01', '02', '08', '09', '11', '22', '24', '26', '29', '30', '31', '32', '38', '41', '44', '47', '48', '52', '53', '55'];8.28;6.97;Rejeitado_IA;01:27:45
375.753;['01', '08', '12', '14', '15', '17', '23', '24', '25', '30', '32', '36', '40', '42', '43', '47', '48', '51', '52', '60'];8.31;7.9;Rejeitado_IA;01:28:34
424.603;['03', '05', '09', '11', '13', '16', '18', '24', '27', '29', '32', '33', '36', '38', '39', '47', '52', '53', '58', '60'];8.29;9.15;Rejeitado_IA;01:29:06
441.585;['02', '08', '09', '12', '14', '21', '23', '24', '28', '29', '34', '37', '40', '42', '43', '50', '54', '55', '56', '58'];8.22;8.08;Rejeitado_IA;01:29:39
395.686;['01', '02', '08', '09', '11', '22', '24', '26', '29', '30', '31', '32', '38', '41', '44', '47', '48', '52', '53', '55'];8.26;6.9;Rejeitado_IA;01:30:12
421.922;['02', '07', '08', '11', '13', '16', '18', '21', '22', '24', '37', '38', '39', '42', '44', '50', '53', '55', '56', '60'];8.38;7.98;Rejeitado_IA;01:30:44
377.542;['01', '05', '06', '09', '14', '23', '25', '27', '28', '30', '31', '35', '37', '40', '43', '47', '48', '53', '55', '56'];8.34;7.48;Rejeitado_IA;01:31:17
346.894;['02', '03', '05', '09', '11', '22', '23', '26', '28', '30', '34', '36', '37', '39', '45', '47', '49', '51', '53', '55'];8.31;6.86;Rejeitado_IA;01:31:50
404.392;['02', '05', '12', '14', '15', '16', '18', '21', '22', '27', '37', '38', '41', '42', '45', '46', '47', '50', '58', '60'];8.27;8.3;Rejeitado_IA;01:32:23
446.963;['03', '10', '13', '14', '15', '16', '19', '25', '27', '28', '32', '34', '41', '43', '44', '47', '49', '51', '53', '59'];8.33;9.27;Rejeitado_IA;01:59:52
349.843;['03', '08', '09', '10', '14', '16', '17', '19', '20', '27', '31', '32', '35', '37', '39', '46', '47', '48', '50', '59'];8.36;8.93;Rejeitado_IA;02:00:25
404.392;['02', '05', '12', '14', '15', '16', '18', '21', '22', '27', '37', '38', '41', '42', '45', '46', '47', '50', '58', '60'];8.23;8.28;Rejeitado_IA;02:01:13
442.862;['01', '03', '04', '07', '13', '16', '18', '21', '24', '27', '31', '33', '35', '40', '43', '46', '49', '51', '55', '58'];8.22;8.04;Rejeitado_IA;02:01:45
360.802;['06', '10', '12', '13', '15', '19', '20', '26', '27', '29', '31', '32', '38', '44', '45', '50', '51', '52', '57', '59'];8.21;9.58;Rejeitado_IA;02:02:18
384.051;['04', '05', '08', '09', '15', '17', '22', '23', '26', '27', '31', '34', '35', '37', '38', '46', '50', '54', '55', '59'];8.25;9.52;Rejeitado_IA;02:02:50
376.087;['06', '08', '10', '11', '15', '16', '19', '24', '26', '30', '31', '33', '37', '42', '44', '49', '52', '56', '57', '60'];8.27;6.6;Rejeitado_IA;02:03:23
368.582;['02', '04', '07', '09', '13', '18', '19', '21', '23', '24', '31', '37', '40', '42', '45', '50', '54', '56', '57', '60'];8.25;7.94;Rejeitado_IA;02:04:02
374.609;['01', '02', '04', '06', '09', '16', '17', '20', '21', '24', '38', '39', '41', '43', '44', '49', '52', '56', '58', '60'];8.28;7.69;Rejeitado_IA;02:04:35
360.097;['04', '06', '13', '14', '15', '17', '24', '25', '28', '29', '31', '33', '36', '38', '39', '47', '53', '54', '57', '59'];8.35;8.61;Rejeitado_IA;02:05:07
384.051;['04', '05', '08', '09', '15', '17', '22', '23', '26', '27', '31', '34', '35', '37', '38', '46', '50', '54', '55', '59'];8.27;9.62;Rejeitado_IA;02:05:40
360.471;['02', '07', '10', '14', '15', '23', '25', '26', '28', '30', '34', '35', '38', '41', '44', '48', '49', '51', '52', '56'];8.25;7.0;Rejeitado_IA;02:06:28
417.455;['01', '03', '04', '10', '15', '20', '21', '25', '28', '29', '31', '36', '41', '42', '43', '47', '50', '51', '57', '58'];8.16;7.39;Rejeitado_IA;02:07:08
427.819;['05', '09', '12', '13', '15', '20', '22', '25', '28', '30', '34', '36', '37', '41', '45', '49', '52', '54', '57', '60'];8.19;8.47;Rejeitado_IA;02:07:41
395.686;['01', '02', '08', '09', '11', '22', '24', '26', '29', '30', '31', '32', '38', '41', '44', '47', '48', '52', '53', '55'];8.32;6.93;Rejeitado_IA;02:08:13
367.467;['04', '06', '07', '10', '11', '20', '24', '25', '26', '28', '31', '35', '36', '38', '42', '50', '54', '57', '59', '60'];8.33;9.39;Rejeitado_IA;02:08:46
395.686;['01', '02', '08', '09', '11', '22', '24', '26', '29', '30', '31', '32', '38', '41', '44', '47', '48', '52', '53', '55'];8.24;6.79;Rejeitado_IA;02:09:18
349.843;['03', '08', '09', '10', '14', '16', '17', '19', '20', '27', '31', '32', '35', '37', '39', '46', '47', '48', '50', '59'];8.31;8.92;Rejeitado_IA;02:09:51
417.455;['01', '03', '04', '10', '15', '20', '21', '25', '28', '29', '31', '36', '41', '42', '43', '47', '50', '51', '57', '58'];8.28;7.4;Rejeitado_IA;02:10:23
384.051;['04', '05', '08', '09', '15', '17', '22', '23', '26', '27', '31', '34', '35', '37', '38', '46', '50', '54', '55', '59'];8.36;9.65;Rejeitado_IA;02:10:56
364.125;['08', '10', '11', '13', '14', '18', '22', '25', '27', '29', '32', '33', '36', '42', '43', '47', '51', '55', '58', '60'];8.28;9.23;Rejeitado_IA;02:11:44
360.471;['02', '07', '10', '14', '15', '23', '25', '26', '28', '30', '34', '35', '38', '41', '44', '48', '49', '51', '52', '56'];8.3;6.85;Rejeitado_IA;02:12:17
422.641;['01', '02', '07', '11', '13', '19', '26', '27', '29', '30', '31', '32', '36', '40', '42', '47', '49', '53', '54', '58'];8.33;9.15;Rejeitado_IA;02:12:50
397.215;['01', '03', '07', '09', '14', '16', '18', '21', '23', '28', '31', '32', '41', '44', '45', '50', '54', '56', '57', '59'];8.1;7.73;Rejeitado_IA;02:13:22
429.898;['01', '03', '04', '05', '13', '19', '23', '25', '28', '29', '32', '36', '38', '41', '42', '47', '50', '51', '58', '59'];8.23;8.97;Rejeitado_IA;02:13:55
360.097;['04', '06', '13', '14', '15', '17', '24', '25', '28', '29', '31', '33', '36', '38', '39', '47', '53', '54', '57', '59'];8.29;8.6;Rejeitado_IA;02:14:28
367.467;['04', '06', '07', '10', '11', '20', '24', '25', '26', '28', '31', '35', '36', '38', '42', '50', '54', '57', '59', '60'];8.31;9.32;Rejeitado_IA;02:15:01
349.843;['03', '08', '09', '10', '14', '16', '17', '19', '20', '27', '31', '32', '35', '37', '39', '46', '47', '48', '50', '59'];8.22;9.0;Rejeitado_IA;02:15:33
427.143;['03', '05', '06', '07', '15', '20', '23', '27', '29', '30', '31', '35', '38', '41', '44', '48', '50', '55', '57', '58'];8.26;8.44;Rejeitado_IA;02:16:05
374.609;['01', '02', '04', '06', '09', '16', '17', '20', '21', '24', '38', '39', '41', '43', '44', '49', '52', '56', '58', '60'];8.26;7.74;Rejeitado_IA;02:16:38
402.059;['01', '02', '07', '08', '10', '18', '20', '21', '25', '28', '33', '35', '38', '42', '44', '46', '49', '50', '54', '58'];8.3;8.93;Rejeitado_IA;06:59:16
397.595;['02', '03', '06', '11', '15', '17', '19', '21', '24', '29', '32', '33', '34', '41', '45', '48', '51', '52', '57', '59'];8.2;8.28;Rejeitado_IA;06:59:51
428.307;['01', '02', '07', '08', '15', '18', '24', '26', '29', '30', '32', '35', '37', '38', '39', '46', '53', '54', '56', '58'];8.3;8.58;Rejeitado_IA;07:00:23
343.055;['04', '07', '08', '11', '14', '18', '19', '25', '29', '30', '34', '35', '37', '39', '41', '49', '50', '55', '56', '58'];8.25;7.58;Rejeitado_IA;07:00:56
363.741;['01', '04', '10', '14', '15', '17', '21', '28', '29', '30', '31', '35', '36', '41', '43', '49', '53', '54', '57', '58'];8.26;8.53;Rejeitado_IA;07:01:29
448.069;['05', '07', '08', '09', '14', '21', '23', '27', '29', '30', '32', '34', '41', '44', '45', '51', '53', '55', '57', '58'];8.28;8.65;Rejeitado_IA;07:02:01
370.077;['01', '03', '05', '14', '15', '19', '24', '28', '29', '30', '35', '38', '42', '43', '44', '50', '52', '53', '56', '60'];8.33;9.43;Rejeitado_IA;07:02:34
356.206;['03', '04', '06', '09', '12', '19', '25', '28', '29', '30', '32', '36', '37', '40', '42', '50', '52', '55', '56', '60'];8.23;7.5;Rejeitado_IA;07:03:07
415.274;['03', '04', '08', '09', '12', '23', '25', '26', '28', '29', '32', '33', '36', '37', '40', '46', '53', '54', '55', '60'];8.23;7.36;Rejeitado_IA;07:03:50
397.574;['07', '08', '09', '12', '15', '17', '20', '21', '23', '30', '31', '34', '35', '42', '43', '47', '50', '54', '58', '59'];8.42;11.97;Rejeitado_IA;07:04:37
356.206;['03', '04', '06', '09', '12', '19', '25', '28', '29', '30', '32', '36', '37', '40', '42', '50', '52', '55', '56', '60'];8.31;7.41;Rejeitado_IA;07:05:09
446.588;['04', '07', '08', '10', '14', '16', '18', '28', '29', '30', '31', '33', '34', '36', '43', '48', '51', '52', '53', '59'];8.28;8.31;Rejeitado_IA;07:05:42
363.741;['01', '04', '10', '14', '15', '17', '21', '28', '29', '30', '31', '35', '36', '41', '43', '49', '53', '54', '57', '58'];8.42;8.53;Rejeitado_IA;07:06:15
415.931;['01', '05', '09', '10', '14', '17', '20', '22', '24', '27', '35', '37', '38', '39', '43', '46', '50', '52', '56', '59'];8.25;9.56;Rejeitado_IA;07:06:48
397.595;['02', '03', '06', '11', '15', '17', '19', '21', '24', '29', '32', '33', '34', '41', '45', '48', '51', '52', '57', '59'];8.19;8.06;Rejeitado_IA;07:07:24
361.774;['03', '04', '08', '14', '15', '20', '21', '23', '26', '28', '33', '35', '37', '41', '45', '46', '47', '51', '56', '60'];8.19;7.12;Rejeitado_IA;07:08:01
399.286;['03', '04', '05', '09', '11', '16', '21', '25', '27', '28', '32', '36', '39', '44', '45', '46', '49', '55', '56', '58'];8.4;6.66;Rejeitado_IA;07:08:34
415.274;['03', '04', '08', '09', '12', '23', '25', '26', '28', '29', '32', '33', '36', '37', '40', '46', '53', '54', '55', '60'];8.31;7.36;Rejeitado_IA;07:09:06
397.574;['07', '08', '09', '12', '15', '17', '20', '21', '23', '30', '31', '34', '35', '42', '43', '47', '50', '54', '58', '59'];8.3;12.12;Rejeitado_IA;07:09:55
397.595;['02', '03', '06', '11', '15', '17', '19', '21', '24', '29', '32', '33', '34', '41', '45', '48', '51', '52', '57', '59'];8.3;8.19;Rejeitado_IA;07:10:43
361.774;['03', '04', '08', '14', '15', '20', '21', '23', '26', '28', '33', '35', '37', '41', '45', '46', '47', '51', '56', '60'];8.31;7.21;Rejeitado_IA;07:11:15
407.872;['02', '08', '12', '14', '15', '17', '19', '22', '26', '27', '36', '38', '39', '40', '42', '46', '47', '53', '54', '56'];8.3;7.71;Rejeitado_IA;07:11:48
446.588;['04', '07', '08', '10', '14', '16', '18', '28', '29', '30', '31', '33', '34', '36', '43', '48', '51', '52', '53', '59'];8.24;8.28;Rejeitado_IA;07:12:23
372.032;['05', '07', '11', '12', '14', '20', '24', '25', '27', '30', '33', '36', '37', '41', '45', '47', '49', '51', '57', '60'];8.28;7.46;Rejeitado_IA;07:12:55
343.055;['04', '07', '08', '11', '14', '18', '19', '25', '29', '30', '34', '35', '37', '39', '41', '49', '50', '55', '56', '58'];8.27;7.6;Rejeitado_IA;07:13:28
446.588;['04', '07', '08', '10', '14', '16', '18', '28', '29', '30', '31', '33', '34', '36', '43', '48', '51', '52', '53', '59'];8.35;8.33;Rejeitado_IA;07:14:00
428.307;['01', '02', '07', '08', '15', '18', '24', '26', '29', '30', '32', '35', '37', '38', '39', '46', '53', '54', '56', '58'];8.29;8.64;Rejeitado_IA;07:14:33
363.741;['01', '04', '10', '14', '15', '17', '21', '28', '29', '30', '31', '35', '36', '41', '43', '49', '53', '54', '57', '58'];8.19;8.41;Rejeitado_IA;07:15:22
364.058;['02', '08', '12', '13', '14', '19', '20', '25', '27', '28', '31', '33', '34', '36', '43', '46', '50', '51', '52', '60'];8.27;9.39;Rejeitado_IA;07:15:55
364.058;['02', '08', '12', '13', '14', '19', '20', '25', '27', '28', '31', '33', '34', '36', '43', '46', '50', '51', '52', '60'];8.27;9.39;Rejeitado_IA;07:16:28
393.653;['01', '05', '07', '08', '15', '22', '24', '25', '26', '28', '36', '39', '41', '43', '44', '47', '54', '57', '59', '60'];8.21;6.88;Rejeitado_IA;07:17:01
437.195;['02', '05', '10', '12', '14', '22', '25', '26', '27', '30', '34', '35', '38', '39', '43', '46', '49', '53', '54', '58'];8.23;10.13;Rejeitado_IA;07:28:56
446.588;['04', '07', '08', '10', '14', '16', '18', '28', '29', '30', '31', '33', '34', '36', '43', '48', '51', '52', '53', '59'];8.27;8.4;Rejeitado_IA;07:29:30
443.485;['02', '04', '05', '13', '14', '16', '19', '23', '25', '26', '36', '38', '39', '40', '45', '46', '48', '49', '50', '59'];8.23;7.58;Rejeitado_IA;07:30:06
415.931;['01', '05', '09', '10', '14', '17', '20', '22', '24', '27', '35', '37', '38', '39', '43', '46', '50', '52', '56', '59'];8.3;9.43;Rejeitado_IA;07:30:38
423.221;['01', '03', '10', '11', '13', '17', '18', '20', '24', '27', '36', '39', '40', '43', '44', '46', '49', '57', '58', '60'];8.27;8.39;Rejeitado_IA;07:31:27
448.069;['05', '07', '08', '09', '14', '21', '23', '27', '29', '30', '32', '34', '41', '44', '45', '51', '53', '55', '57', '58'];8.32;8.55;Rejeitado_IA;07:32:03
397.574;['07', '08', '09', '12', '15', '17', '20', '21', '23', '30', '31', '34', '35', '42', '43', '47', '50', '54', '58', '59'];8.31;12.02;Rejeitado_IA;07:32:36
428.307;['01', '02', '07', '08', '15', '18', '24', '26', '29', '30', '32', '35', '37', '38', '39', '46', '53', '54', '56', '58'];8.29;8.59;Rejeitado_IA;07:33:08
346.821;['02', '05', '10', '14', '15', '23', '25', '27', '29', '30', '37', '39', '43', '44', '45', '46', '49', '50', '58', '59'];8.24;8.68;Rejeitado_IA;07:33:41
448.069;['05', '07', '08', '09', '14', '21', '23', '27', '29', '30', '32', '34', '41', '44', '45', '51', '53', '55', '57', '58'];8.32;8.6;Rejeitado_IA;07:34:20
407.872;['02', '08', '12', '14', '15', '17', '19', '22', '26', '27', '36', '38', '39', '40', '42', '46', '47', '53', '54', '56'];8.33;7.73;Rejeitado_IA;07:34:53
397.574;['07', '08', '09', '12', '15', '17', '20', '21', '23', '30', '31', '34', '35', '42', '43', '47', '50', '54', '58', '59'];8.31;12.03;Rejeitado_IA;07:35:25
415.931;['01', '05', '09', '10', '14', '17', '20', '22', '24', '27', '35', '37', '38', '39', '43', '46', '50', '52', '56', '59'];8.35;9.4;Rejeitado_IA;07:35:58
423.221;['01', '03', '10', '11', '13', '17', '18', '20', '24', '27', '36', '39', '40', '43', '44', '46', '49', '57', '58', '60'];8.25;8.39;Rejeitado_IA;07:36:46
437.195;['02', '05', '10', '12', '14', '22', '25', '26', '27', '30', '34', '35', '38', '39', '43', '46', '49', '53', '54', '58'];8.17;10.14;Rejeitado_IA;07:37:19
443.485;['02', '04', '05', '13', '14', '16', '19', '23', '25', '26', '36', '38', '39', '40', '45', '46', '48', '49', '50', '59'];8.22;7.57;Rejeitado_IA;07:37:52
408.165;['09', '11', '13', '14', '15', '18', '19', '20', '25', '28', '31', '34', '37', '39', '45', '48', '54', '57', '58', '60'];8.39;8.29;Rejeitado_IA;07:38:25
407.872;['02', '08', '12', '14', '15', '17', '19', '22', '26', '27', '36', '38', '39', '40', '42', '46', '47', '53', '54', '56'];8.23;7.76;Rejeitado_IA;07:38:58
397.574;['07', '08', '09', '12', '15', '17', '20', '21', '23', '30', '31', '34', '35', '42', '43', '47', '50', '54', '58', '59'];8.21;12.09;Rejeitado_IA;07:39:31
399.286;['03', '04', '05', '09', '11', '16', '21', '25', '27', '28', '32', '36', '39', '44', '45', '46', '49', '55', '56', '58'];8.38;6.74;Rejeitado_IA;07:40:03
437.195;['02', '05', '10', '12', '14', '22', '25', '26', '27', '30', '34', '35', '38', '39', '43', '46', '49', '53', '54', '58'];8.28;10.0;Rejeitado_IA;07:40:51
359.806;['02', '05', '06', '10', '13', '19', '21', '26', '27', '30', '34', '36', '37', '42', '44', '49', '54', '55', '56', '58'];8.29;8.46;Rejeitado_IA;07:41:28
446.588;['04', '07', '08', '10', '14', '16', '18', '28', '29', '30', '31', '33', '34', '36', '43', '48', '51', '52', '53', '59'];8.29;8.21;Rejeitado_IA;07:42:17
428.307;['01', '02', '07', '08', '15', '18', '24', '26', '29', '30', '32', '35', '37', '38', '39', '46', '53', '54', '56', '58'];8.24;8.63;Rejeitado_IA;07:42:50
372.032;['05', '07', '11', '12', '14', '20', '24', '25', '27', '30', '33', '36', '37', '41', '45', '47', '49', '51', '57', '60'];8.31;7.57;Rejeitado_IA;07:43:23
446.588;['04', '07', '08', '10', '14', '16', '18', '28', '29', '30', '31', '33', '34', '36', '43', '48', '51', '52', '53', '59'];8.24;8.27;Rejeitado_IA;07:43:56
395.463;['04', '05', '09', '11', '12', '18', '20', '24', '26', '28', '33', '36', '40', '42', '45', '46', '48', '49', '55', '56'];8.22;6.68;Rejeitado_IA;07:44:29
348.818;['02', '05', '11', '13', '14', '16', '17', '19', '23', '25', '33', '34', '36', '38', '44', '46', '53', '54', '56', '58'];8.41;9.21;Rejeitado_IA;07:45:02
429.583;['07', '08', '10', '13', '15', '16', '18', '23', '25', '30', '31', '37', '41', '43', '45', '47', '48', '52', '54', '59'];8.27;8.07;Rejeitado_IA;07:45:35
429.583;['07', '08', '10', '13', '15', '16', '18', '23', '25', '30', '31', '37', '41', '43', '45', '47', '48', '52', '54', '59'];8.31;8.07;Rejeitado_IA;07:46:08
415.931;['01', '05', '09', '10', '14', '17', '20', '22', '24', '27', '35', '37', '38', '39', '43', '46', '50', '52', '56', '59'];8.2;9.53;Rejeitado_IA;07:46:42
448.147;['02', '06', '07', '09', '14', '19', '21', '24', '25', '29', '31', '33', '37', '42', '43', '46', '48', '49', '53', '55'];8.37;6.82;Rejeitado_IA;19:17:01
399.799;['01', '02', '05', '08', '11', '17', '22', '23', '27', '29', '37', '39', '41', '43', '44', '46', '51', '53', '59', '60'];8.41;7.97;Rejeitado_IA;19:17:36
384.217;['08', '11', '12', '14', '15', '16', '19', '25', '26', '30', '31', '32', '33', '37', '44', '50', '53', '55', '59', '60'];8.29;8.9;Rejeitado_IA;19:18:20
396.373;['03', '06', '07', '12', '14', '17', '18', '21', '23', '30', '34', '38', '39', '40', '44', '46', '49', '50', '53', '58'];8.3;8.61;Rejeitado_IA;19:18:55
341.005;['05', '07', '09', '10', '14', '18', '21', '23', '25', '26', '32', '33', '35', '39', '43', '47', '49', '50', '51', '59'];8.29;8.58;Rejeitado_IA;19:19:32
384.217;['08', '11', '12', '14', '15', '16', '19', '25', '26', '30', '31', '32', '33', '37', '44', '50', '53', '55', '59', '60'];8.23;8.88;Rejeitado_IA;19:20:06
382.487;['02', '03', '04', '10', '13', '17', '18', '19', '24', '27', '34', '36', '40', '42', '45', '48', '52', '54', '57', '60'];8.21;9.04;Rejeitado_IA;19:20:44
391.426;['04', '10', '11', '14', '15', '16', '19', '23', '24', '25', '33', '35', '37', '38', '44', '46', '47', '53', '54', '56'];8.28;7.29;Rejeitado_IA;19:21:23
448.876;['04', '05', '09', '12', '15', '20', '21', '23', '25', '30', '35', '38', '39', '43', '45', '46', '52', '53', '58', '60'];8.35;9.77;Rejeitado_IA;19:23:54
341.005;['05', '07', '09', '10', '14', '18', '21', '23', '25', '26', '32', '33', '35', '39', '43', '47', '49', '50', '51', '59'];8.22;8.6;Rejeitado_IA;19:24:32
347.112;['02', '05', '10', '11', '12', '17', '19', '21', '27', '30', '34', '35', '38', '39', '42', '48', '49', '54', '59', '60'];8.23;10.64;Rejeitado_IA;19:25:05
351.058;['04', '06', '09', '13', '15', '17', '18', '22', '24', '25', '31', '33', '39', '41', '45', '51', '53', '55', '58', '59'];8.15;8.57;Rejeitado_IA;19:25:42
406.332;['01', '02', '03', '09', '11', '16', '17', '19', '22', '28', '33', '35', '39', '40', '44', '46', '49', '52', '57', '58'];8.23;6.69;Rejeitado_IA;19:26:18
391.426;['04', '10', '11', '14', '15', '16', '19', '23', '24', '25', '33', '35', '37', '38', '44', '46', '47', '53', '54', '56'];8.25;7.31;Rejeitado_IA;19:26:51
384.217;['08', '11', '12', '14', '15', '16', '19', '25', '26', '30', '31', '32', '33', '37', '44', '50', '53', '55', '59', '60'];8.22;8.89;Rejeitado_IA;19:27:42
360.722;['04', '05', '06', '10', '14', '16', '17', '20', '22', '23', '31', '38', '39', '42', '43', '51', '52', '54', '55', '58'];8.24;8.19;Rejeitado_IA;19:28:17
368.869;['01', '02', '09', '11', '12', '17', '19', '22', '25', '30', '31', '35', '36', '39', '43', '46', '49', '51', '52', '54'];8.34;7.43;Rejeitado_IA;19:28:51
351.058;['04', '06', '09', '13', '15', '17', '18', '22', '24', '25', '31', '33', '39', '41', '45', '51', '53', '55', '58', '59'];8.31;8.64;Rejeitado_IA;19:29:25
341.999;['03', '04', '06', '07', '10', '21', '22', '25', '26', '28', '32', '35', '36', '42', '44', '49', '50', '52', '56', '60'];8.27;7.6;Rejeitado_IA;19:29:59
398.301;['01', '04', '06', '07', '12', '18', '19', '22', '23', '27', '32', '34', '39', '40', '42', '46', '49', '51', '56', '59'];8.31;7.69;Rejeitado_IA;19:30:35
361.864;['01', '02', '03', '06', '10', '16', '20', '21', '27', '29', '35', '36', '40', '41', '45', '47', '49', '53', '56', '59'];8.3;7.98;Rejeitado_IA;19:31:09
384.217;['08', '11', '12', '14', '15', '16', '19', '25', '26', '30', '31', '32', '33', '37', '44', '50', '53', '55', '59', '60'];8.23;8.83;Rejeitado_IA;19:31:43
382.487;['02', '03', '04', '10', '13', '17', '18', '19', '24', '27', '34', '36', '40', '42', '45', '48', '52', '54', '57', '60'];8.31;9.07;Rejeitado_IA;19:32:18
396.475;['03', '09', '10', '12', '13', '16', '19', '20', '22', '23', '32', '33', '37', '38', '41', '46', '48', '50', '52', '59'];8.33;8.91;Rejeitado_IA;19:33:13
391.263;['03', '05', '07', '09', '12', '16', '18', '22', '23', '26', '33', '39', '40', '42', '45', '48', '50', '51', '57', '58'];8.27;7.27;Rejeitado_IA;19:33:47
361.864;['01', '02', '03', '06', '10', '16', '20', '21', '27', '29', '35', '36', '40', '41', '45', '47', '49', '53', '56', '59'];8.26;8.04;Rejeitado_IA;19:34:21
361.864;['01', '02', '03', '06', '10', '16', '20', '21', '27', '29', '35', '36', '40', '41', '45', '47', '49', '53', '56', '59'];8.27;8.03;Rejeitado_IA;19:34:56
407.258;['02', '04', '05', '10', '13', '19', '21', '23', '25', '29', '34', '35', '38', '41', '44', '47', '48', '51', '53', '60'];8.29;8.17;Rejeitado_IA;19:35:35
396.475;['03', '09', '10', '12', '13', '16', '19', '20', '22', '23', '32', '33', '37', '38', '41', '46', '48', '50', '52', '59'];8.28;9.0;Rejeitado_IA;19:36:10
390.274;['02', '04', '07', '08', '11', '16', '24', '28', '29', '30', '31', '36', '39', '42', '44', '51', '54', '56', '58', '60'];8.12;6.97;Rejeitado_IA;19:36:45
385.812;['03', '05', '08', '10', '12', '20', '22', '24', '25', '27', '31', '33', '34', '35', '42', '47', '50', '51', '52', '57'];8.3;8.67;Rejeitado_IA;19:37:23
